d,p,rounds,shots,num_detectors,mean_defects,logical_error_rate,us_per_shot,us_per_round,us_per_shot_min,us_per_shot_max
3,0.001,3,20000,24,0.299,0.00065,0.0869374955072999,0.028979165169099968,0.08328539552167058,0.08864165283739567
5,0.001,5,20000,120,1.7388,0.0001,0.5745125003159046,0.11490250006318092,0.5672312458045781,0.592866656370461
7,0.001,7,20000,336,5.3269,0.0,1.815310399979353,0.2593300571399076,1.7775104031898081,1.9193937536329029
9,0.001,9,20000,720,11.94085,0.0,4.079966701101512,0.4533296334557235,3.9507458452135324,4.140566650312394
11,0.001,11,20000,1320,22.4935,0.0,7.456008344888687,0.6778189404444261,7.322295848280191,7.532162498682737
13,0.001,13,20000,2184,37.98955,0.0,12.348222953733057,0.9498633041333121,12.163977103773504,12.476845853962004
15,0.001,15,20000,3360,59.2441,0.0,18.268391652964056,1.2178927768642704,18.06345625082031,19.075827044434845
17,0.001,17,20000,4896,87.2426,0.0,27.02492290409282,1.5897013472995776,26.65846045129001,27.322662493679672
19,0.001,19,20000,6840,122.7945,0.0,39.54906460130587,2.081529715858204,39.43736460059881,40.999391640070826
21,0.001,21,20000,9240,167.22815,0.0,54.995497898198664,2.6188332332475555,54.1263687540777,55.22655419772491
3,0.003,3,20000,24,0.8446,0.00615,0.2157312468625605,0.0719104156208535,0.21228539990261197,0.22361665032804012
5,0.003,5,20000,120,5.1231,0.00375,1.7748750047758222,0.35497500095516443,1.7075062496587634,1.8220874946564436
7,0.003,7,20000,336,15.47805,0.00155,5.997245840262622,0.8567494057518031,5.62317919684574,6.055287504568696
9,0.003,9,20000,720,34.6133,0.00045,13.368064549285918,1.4853405054762132,13.080272905062884,13.780858356039971
11,0.003,11,20000,1320,65.20245,0.00025,25.856250000651926,2.3505681818774478,25.415160390548408,27.546560403425246
13,0.003,13,20000,2184,110.0335,0.00015,44.668370857834816,3.436028527525755,44.19022499350831,62.68419164698572
15,0.003,15,20000,3360,171.6257,0.0,68.39949788991362,4.559966525994241,68.09098540106788,82.12427709950134
17,0.003,17,20000,4896,252.87665,0.0,106.24924374278635,6.24995551428155,104.01700414950028,108.69279790204018
19,0.003,19,20000,6840,356.28645,0.0,152.1905291476287,8.010027849875195,146.40486044809222,154.84747084556147
21,0.003,21,20000,9240,484.46625,0.0,208.56601875275373,9.931715178702559,205.83126250421628,220.8872354007326
3,0.005,3,20000,24,1.39015,0.01695,0.3688437514938414,0.1229479171646138,0.3569749998860061,0.38507289718836546
5,0.005,5,20000,120,8.31575,0.0144,3.2217875006608665,0.6443575001321733,3.17853334126994,4.893552104476839
7,0.005,7,20000,336,25.07215,0.00915,11.17821044754237,1.596887206791767,11.049862508662045,11.467783350963145
9,0.005,9,20000,720,55.86645,0.00725,26.803435455076396,2.9781594950084886,26.38435414992273,27.766549994703382
11,0.005,11,20000,1320,105.10595,0.0043,53.003195801284164,4.818472345571288,52.570312505122274,54.023091646377
13,0.005,13,20000,2184,176.93955,0.00275,93.42591664753854,7.18660897288758,93.21641040733084,100.42135834228247
15,0.005,15,20000,3360,276.02885,0.0015,151.3746416545473,10.09164277696982,147.44684165343642,153.5751875024289
17,0.005,17,20000,4896,406.45995,0.0012,221.76850205287337,13.045206003110199,221.65708334650844,223.07078749872744
19,0.005,19,20000,6840,572.4699,0.00065,326.45516459597275,17.18185076820909,323.5877479077317,333.6639437475242
21,0.005,21,20000,9240,778.51565,0.0003,467.41597295040265,22.257903473828698,461.2288250005804,486.8232479551807
