     shots,    errors,  discards, seconds,decoder,strong_id,json_metadata,custom_counts
      7441,       166,         0,   0.008,pymatching,46674a501bbdee119d11055a43b55219cd9bd2ceee847030e3e9b0121cd6a999,"{""d"":3,""p"":0.006002554879016774,""rounds"":3}",
     11264,       256,         0,   0.011,pymatching,46674a501bbdee119d11055a43b55219cd9bd2ceee847030e3e9b0121cd6a999,"{""d"":3,""p"":0.006002554879016774,""rounds"":3}",
     22528,       548,         0,   0.018,pymatching,46674a501bbdee119d11055a43b55219cd9bd2ceee847030e3e9b0121cd6a999,"{""d"":3,""p"":0.006002554879016774,""rounds"":3}",
      2048,        42,         0,   0.001,pymatching,46674a501bbdee119d11055a43b55219cd9bd2ceee847030e3e9b0121cd6a999,"{""d"":3,""p"":0.006002554879016774,""rounds"":3}",
      1297,        16,         0,   0.005,pymatching,c38e0ab440145f9b49107ae6fb6f44b7e2924e134009e4354604da07da2688a0,"{""d"":3,""p"":0.00416134853175486,""rounds"":3}",
      2321,         8,         0,   0.003,pymatching,abd0fb9d5c8d53c257d532f3aebd9678215933f2377d1a33ab214b778c3afd49,"{""d"":3,""p"":0.0028849085017569834,""rounds"":3}",
      8465,       355,         0,   0.010,pymatching,7dcea455f5901a32e509c96a9ed9792579524115c8648fdd774d569b96781039,"{""d"":3,""p"":0.008658410801369174,""rounds"":3}",
      7168,        49,         0,   0.004,pymatching,abd0fb9d5c8d53c257d532f3aebd9678215933f2377d1a33ab214b778c3afd49,"{""d"":3,""p"":0.0028849085017569834,""rounds"":3}",
      7168,        87,         0,   0.005,pymatching,c38e0ab440145f9b49107ae6fb6f44b7e2924e134009e4354604da07da2688a0,"{""d"":3,""p"":0.00416134853175486,""rounds"":3}",
     10513,        89,         0,   0.008,pymatching,54c6b89d9a289b37ec9305b312ed61b9718c0c2087b71a4b5cb34f77f89e58ba,"{""d"":3,""p"":0.0034648390666860034,""rounds"":3}",
      9489,       298,         0,   0.010,pymatching,4d0333e2789eb3c3fedfeb117c6f1644d3d2287ccbb330c2b2931a6e91258488,"{""d"":3,""p"":0.0072092014814603474,""rounds"":3}",
     13312,       633,         0,   0.014,pymatching,7dcea455f5901a32e509c96a9ed9792579524115c8648fdd774d569b96781039,"{""d"":3,""p"":0.008658410801369174,""rounds"":3}",
      1024,        46,         0,   0.001,pymatching,7dcea455f5901a32e509c96a9ed9792579524115c8648fdd774d569b96781039,"{""d"":3,""p"":0.008658410801369174,""rounds"":3}",
     21504,       267,         0,   0.015,pymatching,c38e0ab440145f9b49107ae6fb6f44b7e2924e134009e4354604da07da2688a0,"{""d"":3,""p"":0.00416134853175486,""rounds"":3}",
     24576,       143,         0,   0.014,pymatching,abd0fb9d5c8d53c257d532f3aebd9678215933f2377d1a33ab214b778c3afd49,"{""d"":3,""p"":0.0028849085017569834,""rounds"":3}",
     14336,       121,         0,   0.010,pymatching,54c6b89d9a289b37ec9305b312ed61b9718c0c2087b71a4b5cb34f77f89e58ba,"{""d"":3,""p"":0.0034648390666860034,""rounds"":3}",
     10513,        40,         0,   0.006,pymatching,afd72958816252d5df7f307b27c6c2e9daca4afbeed73d16bc440408d683b6b8,"{""d"":3,""p"":0.002402044338373871,""rounds"":3}",
      7168,       269,         0,   0.016,pymatching,4d0333e2789eb3c3fedfeb117c6f1644d3d2287ccbb330c2b2931a6e91258488,"{""d"":3,""p"":0.0072092014814603474,""rounds"":3}",
      9489,        28,         0,   0.005,pymatching,c8f87371c8b30bb6460d6d19dd59fe15ea53c16dfda1766da6e7b90dcbb69367,"{""d"":3,""p"":0.002,""rounds"":3}",
      7441,       110,         0,   0.006,pymatching,2287aa66324117267e522720fe58269db75efe8d5d99fbf41d94c6519428adf4,"{""d"":3,""p"":0.004997871840351096,""rounds"":3}",
      8192,        25,         0,   0.016,pymatching,c8f87371c8b30bb6460d6d19dd59fe15ea53c16dfda1766da6e7b90dcbb69367,"{""d"":3,""p"":0.002,""rounds"":3}",
      1024,        19,         0,   0.013,pymatching,2287aa66324117267e522720fe58269db75efe8d5d99fbf41d94c6519428adf4,"{""d"":3,""p"":0.004997871840351096,""rounds"":3}",
     11264,        50,         0,   0.005,pymatching,afd72958816252d5df7f307b27c6c2e9daca4afbeed73d16bc440408d683b6b8,"{""d"":3,""p"":0.002402044338373871,""rounds"":3}",
     11264,        79,         0,   0.021,pymatching,54c6b89d9a289b37ec9305b312ed61b9718c0c2087b71a4b5cb34f77f89e58ba,"{""d"":3,""p"":0.0034648390666860034,""rounds"":3}",
     15360,        83,         0,   0.023,pymatching,abd0fb9d5c8d53c257d532f3aebd9678215933f2377d1a33ab214b778c3afd49,"{""d"":3,""p"":0.0028849085017569834,""rounds"":3}",
     14336,       156,         0,   0.024,pymatching,c38e0ab440145f9b49107ae6fb6f44b7e2924e134009e4354604da07da2688a0,"{""d"":3,""p"":0.00416134853175486,""rounds"":3}",
      1024,        20,         0,   0.017,pymatching,4d0333e2789eb3c3fedfeb117c6f1644d3d2287ccbb330c2b2931a6e91258488,"{""d"":3,""p"":0.0072092014814603474,""rounds"":3}",
     14336,        45,         0,   0.010,pymatching,c8f87371c8b30bb6460d6d19dd59fe15ea53c16dfda1766da6e7b90dcbb69367,"{""d"":3,""p"":0.002,""rounds"":3}",
     11264,       210,         0,   0.015,pymatching,2287aa66324117267e522720fe58269db75efe8d5d99fbf41d94c6519428adf4,"{""d"":3,""p"":0.004997871840351096,""rounds"":3}",
     14336,        63,         0,   0.011,pymatching,afd72958816252d5df7f307b27c6c2e9daca4afbeed73d16bc440408d683b6b8,"{""d"":3,""p"":0.002402044338373871,""rounds"":3}",
     20480,       165,         0,   0.016,pymatching,54c6b89d9a289b37ec9305b312ed61b9718c0c2087b71a4b5cb34f77f89e58ba,"{""d"":3,""p"":0.0034648390666860034,""rounds"":3}",
     33792,       189,         0,   0.026,pymatching,abd0fb9d5c8d53c257d532f3aebd9678215933f2377d1a33ab214b778c3afd49,"{""d"":3,""p"":0.0028849085017569834,""rounds"":3}",
     27648,       366,         0,   0.025,pymatching,c38e0ab440145f9b49107ae6fb6f44b7e2924e134009e4354604da07da2688a0,"{""d"":3,""p"":0.00416134853175486,""rounds"":3}",
     36864,       116,         0,   0.017,pymatching,c8f87371c8b30bb6460d6d19dd59fe15ea53c16dfda1766da6e7b90dcbb69367,"{""d"":3,""p"":0.002,""rounds"":3}",
     19456,       333,         0,   0.020,pymatching,2287aa66324117267e522720fe58269db75efe8d5d99fbf41d94c6519428adf4,"{""d"":3,""p"":0.004997871840351096,""rounds"":3}",
     27648,       108,         0,   0.017,pymatching,afd72958816252d5df7f307b27c6c2e9daca4afbeed73d16bc440408d683b6b8,"{""d"":3,""p"":0.002402044338373871,""rounds"":3}",
      5120,       188,         0,   0.024,pymatching,4d0333e2789eb3c3fedfeb117c6f1644d3d2287ccbb330c2b2931a6e91258488,"{""d"":3,""p"":0.0072092014814603474,""rounds"":3}",
      9216,       124,         0,   0.009,pymatching,c38e0ab440145f9b49107ae6fb6f44b7e2924e134009e4354604da07da2688a0,"{""d"":3,""p"":0.00416134853175486,""rounds"":3}",
     40960,       315,         0,   0.030,pymatching,54c6b89d9a289b37ec9305b312ed61b9718c0c2087b71a4b5cb34f77f89e58ba,"{""d"":3,""p"":0.0034648390666860034,""rounds"":3}",
     19456,       332,         0,   0.017,pymatching,2287aa66324117267e522720fe58269db75efe8d5d99fbf41d94c6519428adf4,"{""d"":3,""p"":0.004997871840351096,""rounds"":3}",
      6144,       225,         0,   0.016,pymatching,4d0333e2789eb3c3fedfeb117c6f1644d3d2287ccbb330c2b2931a6e91258488,"{""d"":3,""p"":0.0072092014814603474,""rounds"":3}",
      1297,        89,         0,   0.006,pymatching,763904d84ee4f22eccf171fe5becfaf3c5166fb034e9188bd0dc3fb4786a896f,"{""d"":3,""p"":0.010398943322371996,""rounds"":3}",
      5393,       442,         0,   0.009,pymatching,09c712a132d29a793fafc5e60cdfb18658f642abb620cf616ef0265b601caf14,"{""d"":3,""p"":0.012489361466287211,""rounds"":3}",
     60416,       175,         0,   0.028,pymatching,c8f87371c8b30bb6460d6d19dd59fe15ea53c16dfda1766da6e7b90dcbb69367,"{""d"":3,""p"":0.002,""rounds"":3}",
     58368,       256,         0,   0.030,pymatching,afd72958816252d5df7f307b27c6c2e9daca4afbeed73d16bc440408d683b6b8,"{""d"":3,""p"":0.002402044338373871,""rounds"":3}",
     27648,       234,         0,   0.018,pymatching,54c6b89d9a289b37ec9305b312ed61b9718c0c2087b71a4b5cb34f77f89e58ba,"{""d"":3,""p"":0.0034648390666860034,""rounds"":3}",
      7168,       446,         0,   0.017,pymatching,763904d84ee4f22eccf171fe5becfaf3c5166fb034e9188bd0dc3fb4786a896f,"{""d"":3,""p"":0.010398943322371996,""rounds"":3}",
      7168,       643,         0,   0.012,pymatching,09c712a132d29a793fafc5e60cdfb18658f642abb620cf616ef0265b601caf14,"{""d"":3,""p"":0.012489361466287211,""rounds"":3}",
     71680,       454,         0,   0.040,pymatching,abd0fb9d5c8d53c257d532f3aebd9678215933f2377d1a33ab214b778c3afd49,"{""d"":3,""p"":0.0028849085017569834,""rounds"":3}",
      5393,       629,         0,   0.011,pymatching,14440765cc613bec1805e5a963a4554aceb52e49e44c6539d8b5fb158221f5ec,"{""d"":3,""p"":0.015,""rounds"":3}",
      8192,       490,         0,   0.011,pymatching,763904d84ee4f22eccf171fe5becfaf3c5166fb034e9188bd0dc3fb4786a896f,"{""d"":3,""p"":0.010398943322371996,""rounds"":3}",
     13312,        77,         0,   0.008,pymatching,abd0fb9d5c8d53c257d532f3aebd9678215933f2377d1a33ab214b778c3afd49,"{""d"":3,""p"":0.0028849085017569834,""rounds"":3}",
      4096,       477,         0,   0.010,pymatching,14440765cc613bec1805e5a963a4554aceb52e49e44c6539d8b5fb158221f5ec,"{""d"":3,""p"":0.015,""rounds"":3}",
      5393,         6,         0,   0.010,pymatching,e7ea1f4d05f78967b1780c571ee57b6c56bc31bf437298a58963392cf963b2c9,"{""d"":5,""p"":0.002,""rounds"":5}",
      6144,         3,         0,   0.015,pymatching,e7ea1f4d05f78967b1780c571ee57b6c56bc31bf437298a58963392cf963b2c9,"{""d"":5,""p"":0.002,""rounds"":5}",
     91136,       263,         0,   0.041,pymatching,c8f87371c8b30bb6460d6d19dd59fe15ea53c16dfda1766da6e7b90dcbb69367,"{""d"":3,""p"":0.002,""rounds"":3}",
      1297,         0,         0,   0.009,pymatching,9ce2514955e73c70ac3eb834bb7b7b66f26fb105131498b49634a68b238fa2af,"{""d"":5,""p"":0.002402044338373871,""rounds"":5}",
     83968,       396,         0,   0.043,pymatching,afd72958816252d5df7f307b27c6c2e9daca4afbeed73d16bc440408d683b6b8,"{""d"":3,""p"":0.002402044338373871,""rounds"":3}",
      2321,        10,         0,   0.010,pymatching,969b33d10d831c3f561b0e7e8b7a37fc7f3cb5bdff642d9e455487b3cf0ba2e8,"{""d"":5,""p"":0.0028849085017569834,""rounds"":5}",
      3345,        16,         0,   0.011,pymatching,9844aab2ab99d44b26863d464d1781f4c2210c9ccde8bdc902e1b415b7b5d663,"{""d"":5,""p"":0.0034648390666860034,""rounds"":5}",
     21504,        87,         0,   0.010,pymatching,afd72958816252d5df7f307b27c6c2e9daca4afbeed73d16bc440408d683b6b8,"{""d"":3,""p"":0.002402044338373871,""rounds"":3}",
      9216,         9,         0,   0.019,pymatching,e7ea1f4d05f78967b1780c571ee57b6c56bc31bf437298a58963392cf963b2c9,"{""d"":5,""p"":0.002,""rounds"":5}",
      4096,         8,         0,   0.012,pymatching,9ce2514955e73c70ac3eb834bb7b7b66f26fb105131498b49634a68b238fa2af,"{""d"":5,""p"":0.002402044338373871,""rounds"":5}",
      4096,        13,         0,   0.014,pymatching,969b33d10d831c3f561b0e7e8b7a37fc7f3cb5bdff642d9e455487b3cf0ba2e8,"{""d"":5,""p"":0.0028849085017569834,""rounds"":5}",
      1297,         9,         0,   0.009,pymatching,12adfb74949235f141472640c9aa4e8470d20406c3ecadb0667fc27a319433c2,"{""d"":5,""p"":0.00416134853175486,""rounds"":5}",
      5120,        31,         0,   0.017,pymatching,9844aab2ab99d44b26863d464d1781f4c2210c9ccde8bdc902e1b415b7b5d663,"{""d"":5,""p"":0.0034648390666860034,""rounds"":5}",
      8192,        11,         0,   0.020,pymatching,9ce2514955e73c70ac3eb834bb7b7b66f26fb105131498b49634a68b238fa2af,"{""d"":5,""p"":0.002402044338373871,""rounds"":5}",
     14336,        15,         0,   0.026,pymatching,e7ea1f4d05f78967b1780c571ee57b6c56bc31bf437298a58963392cf963b2c9,"{""d"":5,""p"":0.002,""rounds"":5}",
      1297,        23,         0,   0.032,pymatching,5b7a9ce293ffa48db8e18133349fdb837ae69a5bb50670ac42046947aec4d94c,"{""d"":5,""p"":0.004997871840351096,""rounds"":5}",
      1024,         8,         0,   0.024,pymatching,12adfb74949235f141472640c9aa4e8470d20406c3ecadb0667fc27a319433c2,"{""d"":5,""p"":0.00416134853175486,""rounds"":5}",
      5120,        27,         0,   0.018,pymatching,9844aab2ab99d44b26863d464d1781f4c2210c9ccde8bdc902e1b415b7b5d663,"{""d"":5,""p"":0.0034648390666860034,""rounds"":5}",
      6144,        15,         0,   0.023,pymatching,969b33d10d831c3f561b0e7e8b7a37fc7f3cb5bdff642d9e455487b3cf0ba2e8,"{""d"":5,""p"":0.0028849085017569834,""rounds"":5}",
      2048,        25,         0,   0.013,pymatching,5b7a9ce293ffa48db8e18133349fdb837ae69a5bb50670ac42046947aec4d94c,"{""d"":5,""p"":0.004997871840351096,""rounds"":5}",
      8192,        13,         0,   0.022,pymatching,9ce2514955e73c70ac3eb834bb7b7b66f26fb105131498b49634a68b238fa2af,"{""d"":5,""p"":0.002402044338373871,""rounds"":5}",
       273,         8,         0,   0.007,pymatching,7dd30856a3df94d793545ed13cbf97c0046aa99a2d5edfc6aeeac4975a3136ba,"{""d"":5,""p"":0.006002554879016774,""rounds"":5}",
    113664,       331,         0,   0.047,pymatching,c8f87371c8b30bb6460d6d19dd59fe15ea53c16dfda1766da6e7b90dcbb69367,"{""d"":3,""p"":0.002,""rounds"":3}",
      4096,        36,         0,   0.024,pymatching,12adfb74949235f141472640c9aa4e8470d20406c3ecadb0667fc27a319433c2,"{""d"":5,""p"":0.00416134853175486,""rounds"":5}",
      9216,        25,         0,   0.023,pymatching,969b33d10d831c3f561b0e7e8b7a37fc7f3cb5bdff642d9e455487b3cf0ba2e8,"{""d"":5,""p"":0.0028849085017569834,""rounds"":5}",
      5120,        17,         0,   0.002,pymatching,c8f87371c8b30bb6460d6d19dd59fe15ea53c16dfda1766da6e7b90dcbb69367,"{""d"":3,""p"":0.002,""rounds"":3}",
      9216,        44,         0,   0.029,pymatching,9844aab2ab99d44b26863d464d1781f4c2210c9ccde8bdc902e1b415b7b5d663,"{""d"":5,""p"":0.0034648390666860034,""rounds"":5}",
     17408,        18,         0,   0.035,pymatching,e7ea1f4d05f78967b1780c571ee57b6c56bc31bf437298a58963392cf963b2c9,"{""d"":5,""p"":0.002,""rounds"":5}",
      4096,        55,         0,   0.021,pymatching,5b7a9ce293ffa48db8e18133349fdb837ae69a5bb50670ac42046947aec4d94c,"{""d"":5,""p"":0.004997871840351096,""rounds"":5}",
      2048,        43,         0,   0.017,pymatching,7dd30856a3df94d793545ed13cbf97c0046aa99a2d5edfc6aeeac4975a3136ba,"{""d"":5,""p"":0.006002554879016774,""rounds"":5}",
      7168,        65,         0,   0.028,pymatching,12adfb74949235f141472640c9aa4e8470d20406c3ecadb0667fc27a319433c2,"{""d"":5,""p"":0.00416134853175486,""rounds"":5}",
      3072,        59,         0,   0.016,pymatching,7dd30856a3df94d793545ed13cbf97c0046aa99a2d5edfc6aeeac4975a3136ba,"{""d"":5,""p"":0.006002554879016774,""rounds"":5}",
     13312,        18,         0,   0.029,pymatching,9ce2514955e73c70ac3eb834bb7b7b66f26fb105131498b49634a68b238fa2af,"{""d"":5,""p"":0.002402044338373871,""rounds"":5}",
      6144,        61,         0,   0.027,pymatching,5b7a9ce293ffa48db8e18133349fdb837ae69a5bb50670ac42046947aec4d94c,"{""d"":5,""p"":0.004997871840351096,""rounds"":5}",
     11264,        36,         0,   0.032,pymatching,969b33d10d831c3f561b0e7e8b7a37fc7f3cb5bdff642d9e455487b3cf0ba2e8,"{""d"":5,""p"":0.0028849085017569834,""rounds"":5}",
      9216,        51,         0,   0.038,pymatching,9844aab2ab99d44b26863d464d1781f4c2210c9ccde8bdc902e1b415b7b5d663,"{""d"":5,""p"":0.0034648390666860034,""rounds"":5}",
      4096,        92,         0,   0.027,pymatching,7dd30856a3df94d793545ed13cbf97c0046aa99a2d5edfc6aeeac4975a3136ba,"{""d"":5,""p"":0.006002554879016774,""rounds"":5}",
     17408,        24,         0,   0.041,pymatching,e7ea1f4d05f78967b1780c571ee57b6c56bc31bf437298a58963392cf963b2c9,"{""d"":5,""p"":0.002,""rounds"":5}",
      9216,        79,         0,   0.039,pymatching,12adfb74949235f141472640c9aa4e8470d20406c3ecadb0667fc27a319433c2,"{""d"":5,""p"":0.00416134853175486,""rounds"":5}",
      9216,       125,         0,   0.041,pymatching,5b7a9ce293ffa48db8e18133349fdb837ae69a5bb50670ac42046947aec4d94c,"{""d"":5,""p"":0.004997871840351096,""rounds"":5}",
      1297,        41,         0,   0.011,pymatching,3da4bc9936dae197a1d52182a0e98c88af0ba956422fffe8aeabdb476940599a,"{""d"":5,""p"":0.0072092014814603474,""rounds"":5}",
     16384,        22,         0,   0.046,pymatching,9ce2514955e73c70ac3eb834bb7b7b66f26fb105131498b49634a68b238fa2af,"{""d"":5,""p"":0.002402044338373871,""rounds"":5}",
      1024,        56,         0,   0.012,pymatching,3da4bc9936dae197a1d52182a0e98c88af0ba956422fffe8aeabdb476940599a,"{""d"":5,""p"":0.0072092014814603474,""rounds"":5}",
     15360,        52,         0,   0.045,pymatching,969b33d10d831c3f561b0e7e8b7a37fc7f3cb5bdff642d9e455487b3cf0ba2e8,"{""d"":5,""p"":0.0028849085017569834,""rounds"":5}",
      6144,       145,         0,   0.038,pymatching,7dd30856a3df94d793545ed13cbf97c0046aa99a2d5edfc6aeeac4975a3136ba,"{""d"":5,""p"":0.006002554879016774,""rounds"":5}",
     14336,        80,         0,   0.049,pymatching,9844aab2ab99d44b26863d464d1781f4c2210c9ccde8bdc902e1b415b7b5d663,"{""d"":5,""p"":0.0034648390666860034,""rounds"":5}",
      2048,        73,         0,   0.020,pymatching,3da4bc9936dae197a1d52182a0e98c88af0ba956422fffe8aeabdb476940599a,"{""d"":5,""p"":0.0072092014814603474,""rounds"":5}",
     13312,       109,         0,   0.050,pymatching,12adfb74949235f141472640c9aa4e8470d20406c3ecadb0667fc27a319433c2,"{""d"":5,""p"":0.00416134853175486,""rounds"":5}",
     10240,       151,         0,   0.050,pymatching,5b7a9ce293ffa48db8e18133349fdb837ae69a5bb50670ac42046947aec4d94c,"{""d"":5,""p"":0.004997871840351096,""rounds"":5}",
     30720,        31,         0,   0.063,pymatching,e7ea1f4d05f78967b1780c571ee57b6c56bc31bf437298a58963392cf963b2c9,"{""d"":5,""p"":0.002,""rounds"":5}",
      5120,       186,         0,   0.032,pymatching,3da4bc9936dae197a1d52182a0e98c88af0ba956422fffe8aeabdb476940599a,"{""d"":5,""p"":0.0072092014814603474,""rounds"":5}",
     25600,        41,         0,   0.060,pymatching,9ce2514955e73c70ac3eb834bb7b7b66f26fb105131498b49634a68b238fa2af,"{""d"":5,""p"":0.002402044338373871,""rounds"":5}",
      7168,       185,         0,   0.066,pymatching,7dd30856a3df94d793545ed13cbf97c0046aa99a2d5edfc6aeeac4975a3136ba,"{""d"":5,""p"":0.006002554879016774,""rounds"":5}",
     20480,        67,         0,   0.064,pymatching,969b33d10d831c3f561b0e7e8b7a37fc7f3cb5bdff642d9e455487b3cf0ba2e8,"{""d"":5,""p"":0.0028849085017569834,""rounds"":5}",
     14336,        71,         0,   0.066,pymatching,9844aab2ab99d44b26863d464d1781f4c2210c9ccde8bdc902e1b415b7b5d663,"{""d"":5,""p"":0.0034648390666860034,""rounds"":5}",
      5120,       200,         0,   0.037,pymatching,3da4bc9936dae197a1d52182a0e98c88af0ba956422fffe8aeabdb476940599a,"{""d"":5,""p"":0.0072092014814603474,""rounds"":5}",
     10240,        97,         0,   0.061,pymatching,12adfb74949235f141472640c9aa4e8470d20406c3ecadb0667fc27a319433c2,"{""d"":5,""p"":0.00416134853175486,""rounds"":5}",
     10240,       144,         0,   0.063,pymatching,5b7a9ce293ffa48db8e18133349fdb837ae69a5bb50670ac42046947aec4d94c,"{""d"":5,""p"":0.004997871840351096,""rounds"":5}",
     10240,       239,         0,   0.066,pymatching,7dd30856a3df94d793545ed13cbf97c0046aa99a2d5edfc6aeeac4975a3136ba,"{""d"":5,""p"":0.006002554879016774,""rounds"":5}",
     27648,        27,         0,   0.077,pymatching,e7ea1f4d05f78967b1780c571ee57b6c56bc31bf437298a58963392cf963b2c9,"{""d"":5,""p"":0.002,""rounds"":5}",
      8192,       295,         0,   0.054,pymatching,3da4bc9936dae197a1d52182a0e98c88af0ba956422fffe8aeabdb476940599a,"{""d"":5,""p"":0.0072092014814603474,""rounds"":5}",
     37888,        68,         0,   0.090,pymatching,9ce2514955e73c70ac3eb834bb7b7b66f26fb105131498b49634a68b238fa2af,"{""d"":5,""p"":0.002402044338373871,""rounds"":5}",
     24576,       139,         0,   0.087,pymatching,9844aab2ab99d44b26863d464d1781f4c2210c9ccde8bdc902e1b415b7b5d663,"{""d"":5,""p"":0.0034648390666860034,""rounds"":5}",
      5120,       168,         0,   0.036,pymatching,3da4bc9936dae197a1d52182a0e98c88af0ba956422fffe8aeabdb476940599a,"{""d"":5,""p"":0.0072092014814603474,""rounds"":5}",
     27648,        73,         0,   0.107,pymatching,969b33d10d831c3f561b0e7e8b7a37fc7f3cb5bdff642d9e455487b3cf0ba2e8,"{""d"":5,""p"":0.0028849085017569834,""rounds"":5}",
     21504,       173,         0,   0.094,pymatching,12adfb74949235f141472640c9aa4e8470d20406c3ecadb0667fc27a319433c2,"{""d"":5,""p"":0.00416134853175486,""rounds"":5}",
      9216,       235,         0,   0.060,pymatching,7dd30856a3df94d793545ed13cbf97c0046aa99a2d5edfc6aeeac4975a3136ba,"{""d"":5,""p"":0.006002554879016774,""rounds"":5}",
     17408,       258,         0,   0.089,pymatching,5b7a9ce293ffa48db8e18133349fdb837ae69a5bb50670ac42046947aec4d94c,"{""d"":5,""p"":0.004997871840351096,""rounds"":5}",
      1297,        88,         0,   0.013,pymatching,a1eac906e175f3202c971603d8d2099a4f2135b16b907e8930abb6a747959ff4,"{""d"":5,""p"":0.008658410801369174,""rounds"":5}",
     12288,       176,         0,   0.061,pymatching,5b7a9ce293ffa48db8e18133349fdb837ae69a5bb50670ac42046947aec4d94c,"{""d"":5,""p"":0.004997871840351096,""rounds"":5}",
      2048,       116,         0,   0.019,pymatching,a1eac906e175f3202c971603d8d2099a4f2135b16b907e8930abb6a747959ff4,"{""d"":5,""p"":0.008658410801369174,""rounds"":5}",
      1297,       114,         0,   0.014,pymatching,7297911bcd7b74cfe70001f85b2185ad4f35d00012f13ab866ae0739c6d6a93c,"{""d"":5,""p"":0.010398943322371996,""rounds"":5}",
     59392,        52,         0,   0.125,pymatching,e7ea1f4d05f78967b1780c571ee57b6c56bc31bf437298a58963392cf963b2c9,"{""d"":5,""p"":0.002,""rounds"":5}",
      2048,       177,         0,   0.025,pymatching,7297911bcd7b74cfe70001f85b2185ad4f35d00012f13ab866ae0739c6d6a93c,"{""d"":5,""p"":0.010398943322371996,""rounds"":5}",
      3072,       187,         0,   0.028,pymatching,a1eac906e175f3202c971603d8d2099a4f2135b16b907e8930abb6a747959ff4,"{""d"":5,""p"":0.008658410801369174,""rounds"":5}",
     40960,        62,         0,   0.114,pymatching,9ce2514955e73c70ac3eb834bb7b7b66f26fb105131498b49634a68b238fa2af,"{""d"":5,""p"":0.002402044338373871,""rounds"":5}",
     32768,       143,         0,   0.124,pymatching,9844aab2ab99d44b26863d464d1781f4c2210c9ccde8bdc902e1b415b7b5d663,"{""d"":5,""p"":0.0034648390666860034,""rounds"":5}",
      3072,       185,         0,   0.027,pymatching,a1eac906e175f3202c971603d8d2099a4f2135b16b907e8930abb6a747959ff4,"{""d"":5,""p"":0.008658410801369174,""rounds"":5}",
     39936,       106,         0,   0.128,pymatching,969b33d10d831c3f561b0e7e8b7a37fc7f3cb5bdff642d9e455487b3cf0ba2e8,"{""d"":5,""p"":0.0028849085017569834,""rounds"":5}",
       273,        37,         0,   0.007,pymatching,b89da0d34711775bdeb38760eb7bcac879c07159f2274a9ac42fab9fde7c84fb,"{""d"":5,""p"":0.012489361466287211,""rounds"":5}",
     27648,       235,         0,   0.122,pymatching,12adfb74949235f141472640c9aa4e8470d20406c3ecadb0667fc27a319433c2,"{""d"":5,""p"":0.00416134853175486,""rounds"":5}",
      2048,       186,         0,   0.037,pymatching,7297911bcd7b74cfe70001f85b2185ad4f35d00012f13ab866ae0739c6d6a93c,"{""d"":5,""p"":0.010398943322371996,""rounds"":5}",
      1024,       143,         0,   0.018,pymatching,b89da0d34711775bdeb38760eb7bcac879c07159f2274a9ac42fab9fde7c84fb,"{""d"":5,""p"":0.012489361466287211,""rounds"":5}",
      5120,       296,         0,   0.045,pymatching,a1eac906e175f3202c971603d8d2099a4f2135b16b907e8930abb6a747959ff4,"{""d"":5,""p"":0.008658410801369174,""rounds"":5}",
      2048,       196,         0,   0.031,pymatching,7297911bcd7b74cfe70001f85b2185ad4f35d00012f13ab866ae0739c6d6a93c,"{""d"":5,""p"":0.010398943322371996,""rounds"":5}",
      2048,       276,         0,   0.032,pymatching,b89da0d34711775bdeb38760eb7bcac879c07159f2274a9ac42fab9fde7c84fb,"{""d"":5,""p"":0.012489361466287211,""rounds"":5}",
      3072,       188,         0,   0.035,pymatching,a1eac906e175f3202c971603d8d2099a4f2135b16b907e8930abb6a747959ff4,"{""d"":5,""p"":0.008658410801369174,""rounds"":5}",
      3072,       296,         0,   0.042,pymatching,7297911bcd7b74cfe70001f85b2185ad4f35d00012f13ab866ae0739c6d6a93c,"{""d"":5,""p"":0.010398943322371996,""rounds"":5}",
      2048,       308,         0,   0.031,pymatching,b89da0d34711775bdeb38760eb7bcac879c07159f2274a9ac42fab9fde7c84fb,"{""d"":5,""p"":0.012489361466287211,""rounds"":5}",
      1024,        79,         0,   0.017,pymatching,7297911bcd7b74cfe70001f85b2185ad4f35d00012f13ab866ae0739c6d6a93c,"{""d"":5,""p"":0.010398943322371996,""rounds"":5}",
      2048,       301,         0,   0.032,pymatching,b89da0d34711775bdeb38760eb7bcac879c07159f2274a9ac42fab9fde7c84fb,"{""d"":5,""p"":0.012489361466287211,""rounds"":5}",
     24576,       194,         0,   0.109,pymatching,12adfb74949235f141472640c9aa4e8470d20406c3ecadb0667fc27a319433c2,"{""d"":5,""p"":0.00416134853175486,""rounds"":5}",
     80896,        89,         0,   0.173,pymatching,e7ea1f4d05f78967b1780c571ee57b6c56bc31bf437298a58963392cf963b2c9,"{""d"":5,""p"":0.002,""rounds"":5}",
     72704,       135,         0,   0.181,pymatching,9ce2514955e73c70ac3eb834bb7b7b66f26fb105131498b49634a68b238fa2af,"{""d"":5,""p"":0.002402044338373871,""rounds"":5}",
      1297,       257,         0,   0.062,pymatching,e1e951923f4a77fe1c93559b462f9678c111446f91e6cc3b5dad5e7e641b0444,"{""d"":5,""p"":0.015,""rounds"":5}",
      1297,         0,         0,   0.011,pymatching,4958a47a9ff110201aa2cd7d445602881a5025115739a3c80385ed7a20530950,"{""d"":7,""p"":0.002,""rounds"":7}",
     46080,       224,         0,   0.189,pymatching,9844aab2ab99d44b26863d464d1781f4c2210c9ccde8bdc902e1b415b7b5d663,"{""d"":5,""p"":0.0034648390666860034,""rounds"":5}",
      1024,       204,         0,   0.017,pymatching,e1e951923f4a77fe1c93559b462f9678c111446f91e6cc3b5dad5e7e641b0444,"{""d"":5,""p"":0.015,""rounds"":5}",
      1297,         1,         0,   0.010,pymatching,937120e2456f539b53eca43029705919e162767caa4e22fbf1305205be04ef93,"{""d"":7,""p"":0.002402044338373871,""rounds"":7}",
     56320,       183,         0,   0.176,pymatching,969b33d10d831c3f561b0e7e8b7a37fc7f3cb5bdff642d9e455487b3cf0ba2e8,"{""d"":5,""p"":0.0028849085017569834,""rounds"":5}",
      3072,         3,         0,   0.017,pymatching,4958a47a9ff110201aa2cd7d445602881a5025115739a3c80385ed7a20530950,"{""d"":7,""p"":0.002,""rounds"":7}",
      3072,         4,         0,   0.020,pymatching,937120e2456f539b53eca43029705919e162767caa4e22fbf1305205be04ef93,"{""d"":7,""p"":0.002402044338373871,""rounds"":7}",
      1297,         0,         0,   0.019,pymatching,e51241f7bb3ce19696768c5ed1214f3fabb38849a60dc7288c5a2f8d55ceeea5,"{""d"":7,""p"":0.0028849085017569834,""rounds"":7}",
      4096,         1,         0,   0.023,pymatching,4958a47a9ff110201aa2cd7d445602881a5025115739a3c80385ed7a20530950,"{""d"":7,""p"":0.002,""rounds"":7}",
      3072,         1,         0,   0.021,pymatching,937120e2456f539b53eca43029705919e162767caa4e22fbf1305205be04ef93,"{""d"":7,""p"":0.002402044338373871,""rounds"":7}",
      1024,         1,         0,   0.032,pymatching,e51241f7bb3ce19696768c5ed1214f3fabb38849a60dc7288c5a2f8d55ceeea5,"{""d"":7,""p"":0.0028849085017569834,""rounds"":7}",
      2048,       436,         0,   0.062,pymatching,e1e951923f4a77fe1c93559b462f9678c111446f91e6cc3b5dad5e7e641b0444,"{""d"":5,""p"":0.015,""rounds"":5}",
      5120,         0,         0,   0.029,pymatching,4958a47a9ff110201aa2cd7d445602881a5025115739a3c80385ed7a20530950,"{""d"":7,""p"":0.002,""rounds"":7}",
      4096,         9,         0,   0.029,pymatching,937120e2456f539b53eca43029705919e162767caa4e22fbf1305205be04ef93,"{""d"":7,""p"":0.002402044338373871,""rounds"":7}",
      2048,         0,         0,   0.024,pymatching,e51241f7bb3ce19696768c5ed1214f3fabb38849a60dc7288c5a2f8d55ceeea5,"{""d"":7,""p"":0.0028849085017569834,""rounds"":7}",
      1024,       220,         0,   0.034,pymatching,e1e951923f4a77fe1c93559b462f9678c111446f91e6cc3b5dad5e7e641b0444,"{""d"":5,""p"":0.015,""rounds"":5}",
      6144,         2,         0,   0.040,pymatching,4958a47a9ff110201aa2cd7d445602881a5025115739a3c80385ed7a20530950,"{""d"":7,""p"":0.002,""rounds"":7}",
      3072,         6,         0,   0.032,pymatching,e51241f7bb3ce19696768c5ed1214f3fabb38849a60dc7288c5a2f8d55ceeea5,"{""d"":7,""p"":0.0028849085017569834,""rounds"":7}",
      5120,         3,         0,   0.044,pymatching,937120e2456f539b53eca43029705919e162767caa4e22fbf1305205be04ef93,"{""d"":7,""p"":0.002402044338373871,""rounds"":7}",
      4096,         3,         0,   0.039,pymatching,e51241f7bb3ce19696768c5ed1214f3fabb38849a60dc7288c5a2f8d55ceeea5,"{""d"":7,""p"":0.0028849085017569834,""rounds"":7}",
      5120,         1,         0,   0.038,pymatching,4958a47a9ff110201aa2cd7d445602881a5025115739a3c80385ed7a20530950,"{""d"":7,""p"":0.002,""rounds"":7}",
      5120,         1,         0,   0.046,pymatching,937120e2456f539b53eca43029705919e162767caa4e22fbf1305205be04ef93,"{""d"":7,""p"":0.002402044338373871,""rounds"":7}",
     36864,       174,         0,   0.161,pymatching,9844aab2ab99d44b26863d464d1781f4c2210c9ccde8bdc902e1b415b7b5d663,"{""d"":5,""p"":0.0034648390666860034,""rounds"":5}",
      1297,         3,         0,   0.020,pymatching,75b71ab9965381725568c2b94b2bc180588691a7de4ec1f981e238ae60a7625e,"{""d"":7,""p"":0.0034648390666860034,""rounds"":7}",
      1024,         4,         0,   0.016,pymatching,75b71ab9965381725568c2b94b2bc180588691a7de4ec1f981e238ae60a7625e,"{""d"":7,""p"":0.0034648390666860034,""rounds"":7}",
      7168,        10,         0,   0.056,pymatching,e51241f7bb3ce19696768c5ed1214f3fabb38849a60dc7288c5a2f8d55ceeea5,"{""d"":7,""p"":0.0028849085017569834,""rounds"":7}",
      1024,         4,         0,   0.022,pymatching,75b71ab9965381725568c2b94b2bc180588691a7de4ec1f981e238ae60a7625e,"{""d"":7,""p"":0.0034648390666860034,""rounds"":7}",
     10240,         2,         0,   0.073,pymatching,4958a47a9ff110201aa2cd7d445602881a5025115739a3c80385ed7a20530950,"{""d"":7,""p"":0.002,""rounds"":7}",
     87040,       100,         0,   0.206,pymatching,e7ea1f4d05f78967b1780c571ee57b6c56bc31bf437298a58963392cf963b2c9,"{""d"":5,""p"":0.002,""rounds"":5}",
      3072,         6,         0,   0.030,pymatching,75b71ab9965381725568c2b94b2bc180588691a7de4ec1f981e238ae60a7625e,"{""d"":7,""p"":0.0034648390666860034,""rounds"":7}",
      1297,         5,         0,   0.016,pymatching,93493737997c7c1e3e4e8a9416c8cabf7f0eadb876277dd4810eac1d90eaf772,"{""d"":7,""p"":0.00416134853175486,""rounds"":7}",
     74752,       130,         0,   0.241,pymatching,9ce2514955e73c70ac3eb834bb7b7b66f26fb105131498b49634a68b238fa2af,"{""d"":5,""p"":0.002402044338373871,""rounds"":5}",
      9216,         2,         0,   0.080,pymatching,937120e2456f539b53eca43029705919e162767caa4e22fbf1305205be04ef93,"{""d"":7,""p"":0.002402044338373871,""rounds"":7}",
      2048,         9,         0,   0.037,pymatching,75b71ab9965381725568c2b94b2bc180588691a7de4ec1f981e238ae60a7625e,"{""d"":7,""p"":0.0034648390666860034,""rounds"":7}",
     73728,       246,         0,   0.251,pymatching,969b33d10d831c3f561b0e7e8b7a37fc7f3cb5bdff642d9e455487b3cf0ba2e8,"{""d"":5,""p"":0.0028849085017569834,""rounds"":5}",
      1024,         7,         0,   0.033,pymatching,93493737997c7c1e3e4e8a9416c8cabf7f0eadb876277dd4810eac1d90eaf772,"{""d"":7,""p"":0.00416134853175486,""rounds"":7}",
      5120,         2,         0,   0.085,pymatching,e51241f7bb3ce19696768c5ed1214f3fabb38849a60dc7288c5a2f8d55ceeea5,"{""d"":7,""p"":0.0028849085017569834,""rounds"":7}",
      1024,         5,         0,   0.015,pymatching,93493737997c7c1e3e4e8a9416c8cabf7f0eadb876277dd4810eac1d90eaf772,"{""d"":7,""p"":0.00416134853175486,""rounds"":7}",
      4096,         6,         0,   0.050,pymatching,75b71ab9965381725568c2b94b2bc180588691a7de4ec1f981e238ae60a7625e,"{""d"":7,""p"":0.0034648390666860034,""rounds"":7}",
      2048,        13,         0,   0.029,pymatching,93493737997c7c1e3e4e8a9416c8cabf7f0eadb876277dd4810eac1d90eaf772,"{""d"":7,""p"":0.00416134853175486,""rounds"":7}",
     18432,         4,         0,   0.114,pymatching,4958a47a9ff110201aa2cd7d445602881a5025115739a3c80385ed7a20530950,"{""d"":7,""p"":0.002,""rounds"":7}",
     11264,        12,         0,   0.107,pymatching,937120e2456f539b53eca43029705919e162767caa4e22fbf1305205be04ef93,"{""d"":7,""p"":0.002402044338373871,""rounds"":7}",
      3072,        10,         0,   0.060,pymatching,93493737997c7c1e3e4e8a9416c8cabf7f0eadb876277dd4810eac1d90eaf772,"{""d"":7,""p"":0.00416134853175486,""rounds"":7}",
     11264,        13,         0,   0.106,pymatching,e51241f7bb3ce19696768c5ed1214f3fabb38849a60dc7288c5a2f8d55ceeea5,"{""d"":7,""p"":0.0028849085017569834,""rounds"":7}",
      5120,        18,         0,   0.079,pymatching,75b71ab9965381725568c2b94b2bc180588691a7de4ec1f981e238ae60a7625e,"{""d"":7,""p"":0.0034648390666860034,""rounds"":7}",
      3072,        18,         0,   0.051,pymatching,93493737997c7c1e3e4e8a9416c8cabf7f0eadb876277dd4810eac1d90eaf772,"{""d"":7,""p"":0.00416134853175486,""rounds"":7}",
     18432,         3,         0,   0.140,pymatching,4958a47a9ff110201aa2cd7d445602881a5025115739a3c80385ed7a20530950,"{""d"":7,""p"":0.002,""rounds"":7}",
     55296,       176,         0,   0.188,pymatching,969b33d10d831c3f561b0e7e8b7a37fc7f3cb5bdff642d9e455487b3cf0ba2e8,"{""d"":5,""p"":0.0028849085017569834,""rounds"":5}",
     16384,        17,         0,   0.137,pymatching,937120e2456f539b53eca43029705919e162767caa4e22fbf1305205be04ef93,"{""d"":7,""p"":0.002402044338373871,""rounds"":7}",
      5120,        15,         0,   0.077,pymatching,93493737997c7c1e3e4e8a9416c8cabf7f0eadb876277dd4810eac1d90eaf772,"{""d"":7,""p"":0.00416134853175486,""rounds"":7}",
      8192,        28,         0,   0.107,pymatching,75b71ab9965381725568c2b94b2bc180588691a7de4ec1f981e238ae60a7625e,"{""d"":7,""p"":0.0034648390666860034,""rounds"":7}",
     15360,        17,         0,   0.144,pymatching,e51241f7bb3ce19696768c5ed1214f3fabb38849a60dc7288c5a2f8d55ceeea5,"{""d"":7,""p"":0.0028849085017569834,""rounds"":7}",
      1297,        11,         0,   0.024,pymatching,f711e84e14b25b4248c42c6208eaa13fad4d7a16e654a5b0a4277120841cca8c,"{""d"":7,""p"":0.004997871840351096,""rounds"":7}",
      1024,         9,         0,   0.021,pymatching,f711e84e14b25b4248c42c6208eaa13fad4d7a16e654a5b0a4277120841cca8c,"{""d"":7,""p"":0.004997871840351096,""rounds"":7}",
    147456,       155,         0,   0.352,pymatching,e7ea1f4d05f78967b1780c571ee57b6c56bc31bf437298a58963392cf963b2c9,"{""d"":5,""p"":0.002,""rounds"":5}",
      7168,        37,         0,   0.109,pymatching,93493737997c7c1e3e4e8a9416c8cabf7f0eadb876277dd4810eac1d90eaf772,"{""d"":7,""p"":0.00416134853175486,""rounds"":7}",
      1024,         5,         0,   0.022,pymatching,f711e84e14b25b4248c42c6208eaa13fad4d7a16e654a5b0a4277120841cca8c,"{""d"":7,""p"":0.004997871840351096,""rounds"":7}",
    137216,       227,         0,   0.364,pymatching,9ce2514955e73c70ac3eb834bb7b7b66f26fb105131498b49634a68b238fa2af,"{""d"":5,""p"":0.002402044338373871,""rounds"":5}",
     11264,        22,         0,   0.145,pymatching,75b71ab9965381725568c2b94b2bc180588691a7de4ec1f981e238ae60a7625e,"{""d"":7,""p"":0.0034648390666860034,""rounds"":7}",
      2048,        20,         0,   0.048,pymatching,f711e84e14b25b4248c42c6208eaa13fad4d7a16e654a5b0a4277120841cca8c,"{""d"":7,""p"":0.004997871840351096,""rounds"":7}",
     26624,         7,         0,   0.201,pymatching,4958a47a9ff110201aa2cd7d445602881a5025115739a3c80385ed7a20530950,"{""d"":7,""p"":0.002,""rounds"":7}",
     22528,        11,         0,   0.199,pymatching,937120e2456f539b53eca43029705919e162767caa4e22fbf1305205be04ef93,"{""d"":7,""p"":0.002402044338373871,""rounds"":7}",
      2048,        16,         0,   0.045,pymatching,f711e84e14b25b4248c42c6208eaa13fad4d7a16e654a5b0a4277120841cca8c,"{""d"":7,""p"":0.004997871840351096,""rounds"":7}",
     17408,        25,         0,   0.205,pymatching,e51241f7bb3ce19696768c5ed1214f3fabb38849a60dc7288c5a2f8d55ceeea5,"{""d"":7,""p"":0.0028849085017569834,""rounds"":7}",
      8192,        40,         0,   0.151,pymatching,93493737997c7c1e3e4e8a9416c8cabf7f0eadb876277dd4810eac1d90eaf772,"{""d"":7,""p"":0.00416134853175486,""rounds"":7}",
      2048,        21,         0,   0.060,pymatching,f711e84e14b25b4248c42c6208eaa13fad4d7a16e654a5b0a4277120841cca8c,"{""d"":7,""p"":0.004997871840351096,""rounds"":7}",
      4096,        48,         0,   0.088,pymatching,f711e84e14b25b4248c42c6208eaa13fad4d7a16e654a5b0a4277120841cca8c,"{""d"":7,""p"":0.004997871840351096,""rounds"":7}",
     13312,        45,         0,   0.199,pymatching,75b71ab9965381725568c2b94b2bc180588691a7de4ec1f981e238ae60a7625e,"{""d"":7,""p"":0.0034648390666860034,""rounds"":7}",
     33792,         9,         0,   0.268,pymatching,4958a47a9ff110201aa2cd7d445602881a5025115739a3c80385ed7a20530950,"{""d"":7,""p"":0.002,""rounds"":7}",
     10240,        48,         0,   0.208,pymatching,93493737997c7c1e3e4e8a9416c8cabf7f0eadb876277dd4810eac1d90eaf772,"{""d"":7,""p"":0.00416134853175486,""rounds"":7}",
     27648,         9,         0,   0.275,pymatching,937120e2456f539b53eca43029705919e162767caa4e22fbf1305205be04ef93,"{""d"":7,""p"":0.002402044338373871,""rounds"":7}",
      4096,        35,         0,   0.115,pymatching,f711e84e14b25b4248c42c6208eaa13fad4d7a16e654a5b0a4277120841cca8c,"{""d"":7,""p"":0.004997871840351096,""rounds"":7}",
     19456,        15,         0,   0.365,pymatching,e51241f7bb3ce19696768c5ed1214f3fabb38849a60dc7288c5a2f8d55ceeea5,"{""d"":7,""p"":0.0028849085017569834,""rounds"":7}",
     94208,       101,         0,   0.406,pymatching,e7ea1f4d05f78967b1780c571ee57b6c56bc31bf437298a58963392cf963b2c9,"{""d"":5,""p"":0.002,""rounds"":5}",
      8192,        19,         0,   0.293,pymatching,75b71ab9965381725568c2b94b2bc180588691a7de4ec1f981e238ae60a7625e,"{""d"":7,""p"":0.0034648390666860034,""rounds"":7}",
      2048,        19,         0,   0.177,pymatching,f711e84e14b25b4248c42c6208eaa13fad4d7a16e654a5b0a4277120841cca8c,"{""d"":7,""p"":0.004997871840351096,""rounds"":7}",
    110592,       186,         0,   0.421,pymatching,9ce2514955e73c70ac3eb834bb7b7b66f26fb105131498b49634a68b238fa2af,"{""d"":5,""p"":0.002402044338373871,""rounds"":5}",
      3072,        16,         0,   0.304,pymatching,93493737997c7c1e3e4e8a9416c8cabf7f0eadb876277dd4810eac1d90eaf772,"{""d"":7,""p"":0.00416134853175486,""rounds"":7}",
     30720,         9,         0,   0.350,pymatching,4958a47a9ff110201aa2cd7d445602881a5025115739a3c80385ed7a20530950,"{""d"":7,""p"":0.002,""rounds"":7}",
     24576,        13,         0,   0.365,pymatching,937120e2456f539b53eca43029705919e162767caa4e22fbf1305205be04ef93,"{""d"":7,""p"":0.002402044338373871,""rounds"":7}",
     47104,        79,         0,   0.147,pymatching,9ce2514955e73c70ac3eb834bb7b7b66f26fb105131498b49634a68b238fa2af,"{""d"":5,""p"":0.002402044338373871,""rounds"":5}",
      7168,        68,         0,   0.309,pymatching,f711e84e14b25b4248c42c6208eaa13fad4d7a16e654a5b0a4277120841cca8c,"{""d"":7,""p"":0.004997871840351096,""rounds"":7}",
     19456,        30,         0,   0.301,pymatching,e51241f7bb3ce19696768c5ed1214f3fabb38849a60dc7288c5a2f8d55ceeea5,"{""d"":7,""p"":0.0028849085017569834,""rounds"":7}",
     14336,        39,         0,   0.404,pymatching,75b71ab9965381725568c2b94b2bc180588691a7de4ec1f981e238ae60a7625e,"{""d"":7,""p"":0.0034648390666860034,""rounds"":7}",
      1297,        19,         0,   0.041,pymatching,87f6b065eb20987413c9ac7f16ab8c1b3941b755a87a8d8583fa0620b66e3d44,"{""d"":7,""p"":0.006002554879016774,""rounds"":7}",
      9216,        44,         0,   0.380,pymatching,93493737997c7c1e3e4e8a9416c8cabf7f0eadb876277dd4810eac1d90eaf772,"{""d"":7,""p"":0.00416134853175486,""rounds"":7}",
      1024,        20,         0,   0.035,pymatching,87f6b065eb20987413c9ac7f16ab8c1b3941b755a87a8d8583fa0620b66e3d44,"{""d"":7,""p"":0.006002554879016774,""rounds"":7}",
      1024,        18,         0,   0.030,pymatching,87f6b065eb20987413c9ac7f16ab8c1b3941b755a87a8d8583fa0620b66e3d44,"{""d"":7,""p"":0.006002554879016774,""rounds"":7}",
      1024,        19,         0,   0.028,pymatching,87f6b065eb20987413c9ac7f16ab8c1b3941b755a87a8d8583fa0620b66e3d44,"{""d"":7,""p"":0.006002554879016774,""rounds"":7}",
     11264,       121,         0,   0.302,pymatching,f711e84e14b25b4248c42c6208eaa13fad4d7a16e654a5b0a4277120841cca8c,"{""d"":7,""p"":0.004997871840351096,""rounds"":7}",
      2048,        43,         0,   0.063,pymatching,87f6b065eb20987413c9ac7f16ab8c1b3941b755a87a8d8583fa0620b66e3d44,"{""d"":7,""p"":0.006002554879016774,""rounds"":7}",
      2048,        45,         0,   0.075,pymatching,87f6b065eb20987413c9ac7f16ab8c1b3941b755a87a8d8583fa0620b66e3d44,"{""d"":7,""p"":0.006002554879016774,""rounds"":7}",
     26624,         5,         0,   0.441,pymatching,4958a47a9ff110201aa2cd7d445602881a5025115739a3c80385ed7a20530950,"{""d"":7,""p"":0.002,""rounds"":7}",
    164864,       178,         0,   0.543,pymatching,e7ea1f4d05f78967b1780c571ee57b6c56bc31bf437298a58963392cf963b2c9,"{""d"":5,""p"":0.002,""rounds"":5}",
     33792,        24,         0,   0.533,pymatching,937120e2456f539b53eca43029705919e162767caa4e22fbf1305205be04ef93,"{""d"":7,""p"":0.002402044338373871,""rounds"":7}",
      2048,        39,         0,   0.074,pymatching,87f6b065eb20987413c9ac7f16ab8c1b3941b755a87a8d8583fa0620b66e3d44,"{""d"":7,""p"":0.006002554879016774,""rounds"":7}",
     36864,        49,         0,   0.505,pymatching,e51241f7bb3ce19696768c5ed1214f3fabb38849a60dc7288c5a2f8d55ceeea5,"{""d"":7,""p"":0.0028849085017569834,""rounds"":7}",
      4096,        73,         0,   0.129,pymatching,87f6b065eb20987413c9ac7f16ab8c1b3941b755a87a8d8583fa0620b66e3d44,"{""d"":7,""p"":0.006002554879016774,""rounds"":7}",
     28672,        82,         0,   0.519,pymatching,75b71ab9965381725568c2b94b2bc180588691a7de4ec1f981e238ae60a7625e,"{""d"":7,""p"":0.0034648390666860034,""rounds"":7}",
     15360,       155,         0,   0.362,pymatching,f711e84e14b25b4248c42c6208eaa13fad4d7a16e654a5b0a4277120841cca8c,"{""d"":7,""p"":0.004997871840351096,""rounds"":7}",
     25600,       118,         0,   0.508,pymatching,93493737997c7c1e3e4e8a9416c8cabf7f0eadb876277dd4810eac1d90eaf772,"{""d"":7,""p"":0.00416134853175486,""rounds"":7}",
      4096,       103,         0,   0.140,pymatching,87f6b065eb20987413c9ac7f16ab8c1b3941b755a87a8d8583fa0620b66e3d44,"{""d"":7,""p"":0.006002554879016774,""rounds"":7}",
      5120,        87,         0,   0.206,pymatching,87f6b065eb20987413c9ac7f16ab8c1b3941b755a87a8d8583fa0620b66e3d44,"{""d"":7,""p"":0.006002554879016774,""rounds"":7}",
     62464,        19,         0,   0.678,pymatching,4958a47a9ff110201aa2cd7d445602881a5025115739a3c80385ed7a20530950,"{""d"":7,""p"":0.002,""rounds"":7}",
     67584,        44,         0,   0.675,pymatching,937120e2456f539b53eca43029705919e162767caa4e22fbf1305205be04ef93,"{""d"":7,""p"":0.002402044338373871,""rounds"":7}",
     20480,       230,         0,   0.534,pymatching,f711e84e14b25b4248c42c6208eaa13fad4d7a16e654a5b0a4277120841cca8c,"{""d"":7,""p"":0.004997871840351096,""rounds"":7}",
      8192,       147,         0,   0.283,pymatching,87f6b065eb20987413c9ac7f16ab8c1b3941b755a87a8d8583fa0620b66e3d44,"{""d"":7,""p"":0.006002554879016774,""rounds"":7}",
     54272,        67,         0,   0.678,pymatching,e51241f7bb3ce19696768c5ed1214f3fabb38849a60dc7288c5a2f8d55ceeea5,"{""d"":7,""p"":0.0028849085017569834,""rounds"":7}",
    207872,       193,         0,   0.606,pymatching,e7ea1f4d05f78967b1780c571ee57b6c56bc31bf437298a58963392cf963b2c9,"{""d"":5,""p"":0.002,""rounds"":5}",
     35840,        76,         0,   0.711,pymatching,75b71ab9965381725568c2b94b2bc180588691a7de4ec1f981e238ae60a7625e,"{""d"":7,""p"":0.0034648390666860034,""rounds"":7}",
         1,         0,         0,   0.011,pymatching,1ae78fb2332f550df7e6c91f0078164383745edbaabad040583bbd96b6dacffa,"{""d"":7,""p"":0.0072092014814603474,""rounds"":7}",
     30720,       145,         0,   0.765,pymatching,93493737997c7c1e3e4e8a9416c8cabf7f0eadb876277dd4810eac1d90eaf772,"{""d"":7,""p"":0.00416134853175486,""rounds"":7}",
       272,        10,         0,   0.030,pymatching,1ae78fb2332f550df7e6c91f0078164383745edbaabad040583bbd96b6dacffa,"{""d"":7,""p"":0.0072092014814603474,""rounds"":7}",
      8192,       174,         0,   0.461,pymatching,87f6b065eb20987413c9ac7f16ab8c1b3941b755a87a8d8583fa0620b66e3d44,"{""d"":7,""p"":0.006002554879016774,""rounds"":7}",
      1024,        51,         0,   0.114,pymatching,1ae78fb2332f550df7e6c91f0078164383745edbaabad040583bbd96b6dacffa,"{""d"":7,""p"":0.0072092014814603474,""rounds"":7}",
      1024,        37,         0,   0.051,pymatching,1ae78fb2332f550df7e6c91f0078164383745edbaabad040583bbd96b6dacffa,"{""d"":7,""p"":0.0072092014814603474,""rounds"":7}",
      1024,        30,         0,   0.053,pymatching,1ae78fb2332f550df7e6c91f0078164383745edbaabad040583bbd96b6dacffa,"{""d"":7,""p"":0.0072092014814603474,""rounds"":7}",
      1024,        46,         0,   0.072,pymatching,1ae78fb2332f550df7e6c91f0078164383745edbaabad040583bbd96b6dacffa,"{""d"":7,""p"":0.0072092014814603474,""rounds"":7}",
      1024,        36,         0,   0.079,pymatching,1ae78fb2332f550df7e6c91f0078164383745edbaabad040583bbd96b6dacffa,"{""d"":7,""p"":0.0072092014814603474,""rounds"":7}",
     20480,       206,         0,   0.754,pymatching,f711e84e14b25b4248c42c6208eaa13fad4d7a16e654a5b0a4277120841cca8c,"{""d"":7,""p"":0.004997871840351096,""rounds"":7}",
      3072,       123,         0,   0.126,pymatching,1ae78fb2332f550df7e6c91f0078164383745edbaabad040583bbd96b6dacffa,"{""d"":7,""p"":0.0072092014814603474,""rounds"":7}",
      4096,        45,         0,   0.093,pymatching,f711e84e14b25b4248c42c6208eaa13fad4d7a16e654a5b0a4277120841cca8c,"{""d"":7,""p"":0.004997871840351096,""rounds"":7}",
     12288,       226,         0,   0.423,pymatching,87f6b065eb20987413c9ac7f16ab8c1b3941b755a87a8d8583fa0620b66e3d44,"{""d"":7,""p"":0.006002554879016774,""rounds"":7}",
        17,         0,         0,   0.003,pymatching,1818aa4065c521148cb1f230a68e527a9a891da5c7f53b9e6099b5dda94bb723,"{""d"":7,""p"":0.008658410801369174,""rounds"":7}",
     70656,        18,         0,   0.954,pymatching,4958a47a9ff110201aa2cd7d445602881a5025115739a3c80385ed7a20530950,"{""d"":7,""p"":0.002,""rounds"":7}",
       273,        33,         0,   0.026,pymatching,6046feb46f178140d1e2750724947555163acd51d87e913198567e97fadafecc,"{""d"":7,""p"":0.010398943322371996,""rounds"":7}",
      1280,        86,         0,   0.059,pymatching,1818aa4065c521148cb1f230a68e527a9a891da5c7f53b9e6099b5dda94bb723,"{""d"":7,""p"":0.008658410801369174,""rounds"":7}",
     59392,        40,         0,   0.951,pymatching,937120e2456f539b53eca43029705919e162767caa4e22fbf1305205be04ef93,"{""d"":7,""p"":0.002402044338373871,""rounds"":7}",
      4096,       154,         0,   0.170,pymatching,1ae78fb2332f550df7e6c91f0078164383745edbaabad040583bbd96b6dacffa,"{""d"":7,""p"":0.0072092014814603474,""rounds"":7}",
      1024,       111,         0,   0.065,pymatching,6046feb46f178140d1e2750724947555163acd51d87e913198567e97fadafecc,"{""d"":7,""p"":0.010398943322371996,""rounds"":7}",
      1024,        75,         0,   0.050,pymatching,1818aa4065c521148cb1f230a68e527a9a891da5c7f53b9e6099b5dda94bb723,"{""d"":7,""p"":0.008658410801369174,""rounds"":7}",
      1024,       110,         0,   0.059,pymatching,6046feb46f178140d1e2750724947555163acd51d87e913198567e97fadafecc,"{""d"":7,""p"":0.010398943322371996,""rounds"":7}",
      1024,        57,         0,   0.040,pymatching,1818aa4065c521148cb1f230a68e527a9a891da5c7f53b9e6099b5dda94bb723,"{""d"":7,""p"":0.008658410801369174,""rounds"":7}",
     47104,        64,         0,   0.974,pymatching,e51241f7bb3ce19696768c5ed1214f3fabb38849a60dc7288c5a2f8d55ceeea5,"{""d"":7,""p"":0.0028849085017569834,""rounds"":7}",
      1024,        73,         0,   0.050,pymatching,1818aa4065c521148cb1f230a68e527a9a891da5c7f53b9e6099b5dda94bb723,"{""d"":7,""p"":0.008658410801369174,""rounds"":7}",
      1024,       121,         0,   0.074,pymatching,6046feb46f178140d1e2750724947555163acd51d87e913198567e97fadafecc,"{""d"":7,""p"":0.010398943322371996,""rounds"":7}",
      1024,        59,         0,   0.051,pymatching,1818aa4065c521148cb1f230a68e527a9a891da5c7f53b9e6099b5dda94bb723,"{""d"":7,""p"":0.008658410801369174,""rounds"":7}",
      5120,       190,         0,   0.199,pymatching,1ae78fb2332f550df7e6c91f0078164383745edbaabad040583bbd96b6dacffa,"{""d"":7,""p"":0.0072092014814603474,""rounds"":7}",
     52224,       138,         0,   0.990,pymatching,75b71ab9965381725568c2b94b2bc180588691a7de4ec1f981e238ae60a7625e,"{""d"":7,""p"":0.0034648390666860034,""rounds"":7}",
      1024,       117,         0,   0.063,pymatching,6046feb46f178140d1e2750724947555163acd51d87e913198567e97fadafecc,"{""d"":7,""p"":0.010398943322371996,""rounds"":7}",
      1024,       131,         0,   0.059,pymatching,6046feb46f178140d1e2750724947555163acd51d87e913198567e97fadafecc,"{""d"":7,""p"":0.010398943322371996,""rounds"":7}",
      2048,       137,         0,   0.100,pymatching,1818aa4065c521148cb1f230a68e527a9a891da5c7f53b9e6099b5dda94bb723,"{""d"":7,""p"":0.008658410801369174,""rounds"":7}",
     38912,       192,         0,   0.976,pymatching,93493737997c7c1e3e4e8a9416c8cabf7f0eadb876277dd4810eac1d90eaf772,"{""d"":7,""p"":0.00416134853175486,""rounds"":7}",
      2048,       153,         0,   0.117,pymatching,1818aa4065c521148cb1f230a68e527a9a891da5c7f53b9e6099b5dda94bb723,"{""d"":7,""p"":0.008658410801369174,""rounds"":7}",
      2048,       219,         0,   0.150,pymatching,6046feb46f178140d1e2750724947555163acd51d87e913198567e97fadafecc,"{""d"":7,""p"":0.010398943322371996,""rounds"":7}",
      6144,       238,         0,   0.318,pymatching,1ae78fb2332f550df7e6c91f0078164383745edbaabad040583bbd96b6dacffa,"{""d"":7,""p"":0.0072092014814603474,""rounds"":7}",
      3072,       199,         0,   0.172,pymatching,1818aa4065c521148cb1f230a68e527a9a891da5c7f53b9e6099b5dda94bb723,"{""d"":7,""p"":0.008658410801369174,""rounds"":7}",
      2048,       261,         0,   0.169,pymatching,6046feb46f178140d1e2750724947555163acd51d87e913198567e97fadafecc,"{""d"":7,""p"":0.010398943322371996,""rounds"":7}",
      3072,       112,         0,   0.137,pymatching,1ae78fb2332f550df7e6c91f0078164383745edbaabad040583bbd96b6dacffa,"{""d"":7,""p"":0.0072092014814603474,""rounds"":7}",
       273,        45,         0,   0.022,pymatching,1a09d645f60c370179de14f2eeb38feedeae1cfd363d515a6a6e7a7c86211a72,"{""d"":7,""p"":0.012489361466287211,""rounds"":7}",
      3072,       196,         0,   0.181,pymatching,1818aa4065c521148cb1f230a68e527a9a891da5c7f53b9e6099b5dda94bb723,"{""d"":7,""p"":0.008658410801369174,""rounds"":7}",
       273,        83,         0,   0.028,pymatching,8862c7c4917192b2f007466c49f59d7087ff25fb17554a5796f35dcebaa971f1,"{""d"":7,""p"":0.015,""rounds"":7}",
      1024,       198,         0,   0.196,pymatching,1a09d645f60c370179de14f2eeb38feedeae1cfd363d515a6a6e7a7c86211a72,"{""d"":7,""p"":0.012489361466287211,""rounds"":7}",
       273,         0,         0,   0.004,pymatching,4958a47a9ff110201aa2cd7d445602881a5025115739a3c80385ed7a20530950,"{""d"":7,""p"":0.002,""rounds"":7}",
      1024,       291,         0,   0.120,pymatching,8862c7c4917192b2f007466c49f59d7087ff25fb17554a5796f35dcebaa971f1,"{""d"":7,""p"":0.015,""rounds"":7}",
      2048,         0,         0,   0.013,pymatching,4958a47a9ff110201aa2cd7d445602881a5025115739a3c80385ed7a20530950,"{""d"":7,""p"":0.002,""rounds"":7}",
      1024,       200,         0,   0.071,pymatching,1a09d645f60c370179de14f2eeb38feedeae1cfd363d515a6a6e7a7c86211a72,"{""d"":7,""p"":0.012489361466287211,""rounds"":7}",
      3072,         1,         0,   0.021,pymatching,4958a47a9ff110201aa2cd7d445602881a5025115739a3c80385ed7a20530950,"{""d"":7,""p"":0.002,""rounds"":7}",
      3072,         0,         0,   0.025,pymatching,4958a47a9ff110201aa2cd7d445602881a5025115739a3c80385ed7a20530950,"{""d"":7,""p"":0.002,""rounds"":7}",
      1024,       262,         0,   0.092,pymatching,8862c7c4917192b2f007466c49f59d7087ff25fb17554a5796f35dcebaa971f1,"{""d"":7,""p"":0.015,""rounds"":7}",
      5120,         2,         0,   0.038,pymatching,4958a47a9ff110201aa2cd7d445602881a5025115739a3c80385ed7a20530950,"{""d"":7,""p"":0.002,""rounds"":7}",
      1024,       202,         0,   0.074,pymatching,1a09d645f60c370179de14f2eeb38feedeae1cfd363d515a6a6e7a7c86211a72,"{""d"":7,""p"":0.012489361466287211,""rounds"":7}",
      8192,         1,         0,   0.053,pymatching,4958a47a9ff110201aa2cd7d445602881a5025115739a3c80385ed7a20530950,"{""d"":7,""p"":0.002,""rounds"":7}",
      1024,       200,         0,   0.080,pymatching,1a09d645f60c370179de14f2eeb38feedeae1cfd363d515a6a6e7a7c86211a72,"{""d"":7,""p"":0.012489361466287211,""rounds"":7}",
      1024,       260,         0,   0.109,pymatching,8862c7c4917192b2f007466c49f59d7087ff25fb17554a5796f35dcebaa971f1,"{""d"":7,""p"":0.015,""rounds"":7}",
      8192,         3,         0,   0.060,pymatching,4958a47a9ff110201aa2cd7d445602881a5025115739a3c80385ed7a20530950,"{""d"":7,""p"":0.002,""rounds"":7}",
      1024,       187,         0,   0.065,pymatching,1a09d645f60c370179de14f2eeb38feedeae1cfd363d515a6a6e7a7c86211a72,"{""d"":7,""p"":0.012489361466287211,""rounds"":7}",
      1024,       281,         0,   0.082,pymatching,8862c7c4917192b2f007466c49f59d7087ff25fb17554a5796f35dcebaa971f1,"{""d"":7,""p"":0.015,""rounds"":7}",
     11264,         4,         0,   0.089,pymatching,4958a47a9ff110201aa2cd7d445602881a5025115739a3c80385ed7a20530950,"{""d"":7,""p"":0.002,""rounds"":7}",
      1297,         1,         0,   0.013,pymatching,937120e2456f539b53eca43029705919e162767caa4e22fbf1305205be04ef93,"{""d"":7,""p"":0.002402044338373871,""rounds"":7}",
      2048,         1,         0,   0.016,pymatching,937120e2456f539b53eca43029705919e162767caa4e22fbf1305205be04ef93,"{""d"":7,""p"":0.002402044338373871,""rounds"":7}",
        17,         0,         0,   0.002,pymatching,e51241f7bb3ce19696768c5ed1214f3fabb38849a60dc7288c5a2f8d55ceeea5,"{""d"":7,""p"":0.0028849085017569834,""rounds"":7}",
      1280,         3,         0,   0.013,pymatching,e51241f7bb3ce19696768c5ed1214f3fabb38849a60dc7288c5a2f8d55ceeea5,"{""d"":7,""p"":0.0028849085017569834,""rounds"":7}",
      2048,         1,         0,   0.025,pymatching,937120e2456f539b53eca43029705919e162767caa4e22fbf1305205be04ef93,"{""d"":7,""p"":0.002402044338373871,""rounds"":7}",
      3072,         2,         0,   0.023,pymatching,937120e2456f539b53eca43029705919e162767caa4e22fbf1305205be04ef93,"{""d"":7,""p"":0.002402044338373871,""rounds"":7}",
      2048,         3,         0,   0.035,pymatching,e51241f7bb3ce19696768c5ed1214f3fabb38849a60dc7288c5a2f8d55ceeea5,"{""d"":7,""p"":0.0028849085017569834,""rounds"":7}",
      4096,         6,         0,   0.046,pymatching,937120e2456f539b53eca43029705919e162767caa4e22fbf1305205be04ef93,"{""d"":7,""p"":0.002402044338373871,""rounds"":7}",
      1024,         2,         0,   0.042,pymatching,e51241f7bb3ce19696768c5ed1214f3fabb38849a60dc7288c5a2f8d55ceeea5,"{""d"":7,""p"":0.0028849085017569834,""rounds"":7}",
     16384,         8,         0,   0.135,pymatching,4958a47a9ff110201aa2cd7d445602881a5025115739a3c80385ed7a20530950,"{""d"":7,""p"":0.002,""rounds"":7}",
      3072,         4,         0,   0.053,pymatching,e51241f7bb3ce19696768c5ed1214f3fabb38849a60dc7288c5a2f8d55ceeea5,"{""d"":7,""p"":0.0028849085017569834,""rounds"":7}",
      6144,         4,         0,   0.055,pymatching,937120e2456f539b53eca43029705919e162767caa4e22fbf1305205be04ef93,"{""d"":7,""p"":0.002402044338373871,""rounds"":7}",
    153600,        41,         0,    1.33,pymatching,4958a47a9ff110201aa2cd7d445602881a5025115739a3c80385ed7a20530950,"{""d"":7,""p"":0.002,""rounds"":7}",
    128000,        70,         0,    1.28,pymatching,937120e2456f539b53eca43029705919e162767caa4e22fbf1305205be04ef93,"{""d"":7,""p"":0.002402044338373871,""rounds"":7}",
      5120,         6,         0,   0.065,pymatching,e51241f7bb3ce19696768c5ed1214f3fabb38849a60dc7288c5a2f8d55ceeea5,"{""d"":7,""p"":0.0028849085017569834,""rounds"":7}",
      8192,         3,         0,   0.069,pymatching,937120e2456f539b53eca43029705919e162767caa4e22fbf1305205be04ef93,"{""d"":7,""p"":0.002402044338373871,""rounds"":7}",
      6144,         5,         0,   0.079,pymatching,e51241f7bb3ce19696768c5ed1214f3fabb38849a60dc7288c5a2f8d55ceeea5,"{""d"":7,""p"":0.0028849085017569834,""rounds"":7}",
     24576,         7,         0,   0.188,pymatching,4958a47a9ff110201aa2cd7d445602881a5025115739a3c80385ed7a20530950,"{""d"":7,""p"":0.002,""rounds"":7}",
     98304,       113,         0,    1.36,pymatching,e51241f7bb3ce19696768c5ed1214f3fabb38849a60dc7288c5a2f8d55ceeea5,"{""d"":7,""p"":0.0028849085017569834,""rounds"":7}",
      9216,         9,         0,   0.086,pymatching,937120e2456f539b53eca43029705919e162767caa4e22fbf1305205be04ef93,"{""d"":7,""p"":0.002402044338373871,""rounds"":7}",
     58368,       291,         0,    1.31,pymatching,93493737997c7c1e3e4e8a9416c8cabf7f0eadb876277dd4810eac1d90eaf772,"{""d"":7,""p"":0.00416134853175486,""rounds"":7}",
      7168,        10,         0,   0.093,pymatching,e51241f7bb3ce19696768c5ed1214f3fabb38849a60dc7288c5a2f8d55ceeea5,"{""d"":7,""p"":0.0028849085017569834,""rounds"":7}",
     79872,       193,         0,    1.40,pymatching,75b71ab9965381725568c2b94b2bc180588691a7de4ec1f981e238ae60a7625e,"{""d"":7,""p"":0.0034648390666860034,""rounds"":7}",
     14336,         7,         0,   0.146,pymatching,937120e2456f539b53eca43029705919e162767caa4e22fbf1305205be04ef93,"{""d"":7,""p"":0.002402044338373871,""rounds"":7}",
        17,         0,         0,   0.004,pymatching,75b71ab9965381725568c2b94b2bc180588691a7de4ec1f981e238ae60a7625e,"{""d"":7,""p"":0.0034648390666860034,""rounds"":7}",
      1280,         4,         0,   0.018,pymatching,75b71ab9965381725568c2b94b2bc180588691a7de4ec1f981e238ae60a7625e,"{""d"":7,""p"":0.0034648390666860034,""rounds"":7}",
      1024,         4,         0,   0.014,pymatching,75b71ab9965381725568c2b94b2bc180588691a7de4ec1f981e238ae60a7625e,"{""d"":7,""p"":0.0034648390666860034,""rounds"":7}",
      2048,         6,         0,   0.026,pymatching,75b71ab9965381725568c2b94b2bc180588691a7de4ec1f981e238ae60a7625e,"{""d"":7,""p"":0.0034648390666860034,""rounds"":7}",
     13312,        16,         0,   0.147,pymatching,e51241f7bb3ce19696768c5ed1214f3fabb38849a60dc7288c5a2f8d55ceeea5,"{""d"":7,""p"":0.0028849085017569834,""rounds"":7}",
     30720,        11,         0,   0.227,pymatching,4958a47a9ff110201aa2cd7d445602881a5025115739a3c80385ed7a20530950,"{""d"":7,""p"":0.002,""rounds"":7}",
      4096,        13,         0,   0.051,pymatching,75b71ab9965381725568c2b94b2bc180588691a7de4ec1f981e238ae60a7625e,"{""d"":7,""p"":0.0034648390666860034,""rounds"":7}",
      3072,         2,         0,   0.053,pymatching,75b71ab9965381725568c2b94b2bc180588691a7de4ec1f981e238ae60a7625e,"{""d"":7,""p"":0.0034648390666860034,""rounds"":7}",
     26624,        14,         0,   0.205,pymatching,937120e2456f539b53eca43029705919e162767caa4e22fbf1305205be04ef93,"{""d"":7,""p"":0.002402044338373871,""rounds"":7}",
      5120,        14,         0,   0.079,pymatching,75b71ab9965381725568c2b94b2bc180588691a7de4ec1f981e238ae60a7625e,"{""d"":7,""p"":0.0034648390666860034,""rounds"":7}",
      4096,         7,         0,   0.217,pymatching,e51241f7bb3ce19696768c5ed1214f3fabb38849a60dc7288c5a2f8d55ceeea5,"{""d"":7,""p"":0.0028849085017569834,""rounds"":7}",
      6144,        23,         0,   0.097,pymatching,75b71ab9965381725568c2b94b2bc180588691a7de4ec1f981e238ae60a7625e,"{""d"":7,""p"":0.0034648390666860034,""rounds"":7}",
     29696,        16,         0,   0.260,pymatching,937120e2456f539b53eca43029705919e162767caa4e22fbf1305205be04ef93,"{""d"":7,""p"":0.002402044338373871,""rounds"":7}",
     50176,        14,         0,   0.352,pymatching,4958a47a9ff110201aa2cd7d445602881a5025115739a3c80385ed7a20530950,"{""d"":7,""p"":0.002,""rounds"":7}",
      9216,        27,         0,   0.145,pymatching,75b71ab9965381725568c2b94b2bc180588691a7de4ec1f981e238ae60a7625e,"{""d"":7,""p"":0.0034648390666860034,""rounds"":7}",
     23552,        28,         0,   0.261,pymatching,e51241f7bb3ce19696768c5ed1214f3fabb38849a60dc7288c5a2f8d55ceeea5,"{""d"":7,""p"":0.0028849085017569834,""rounds"":7}",
     11264,        26,         0,   0.220,pymatching,75b71ab9965381725568c2b94b2bc180588691a7de4ec1f981e238ae60a7625e,"{""d"":7,""p"":0.0034648390666860034,""rounds"":7}",
     41984,        32,         0,   0.363,pymatching,937120e2456f539b53eca43029705919e162767caa4e22fbf1305205be04ef93,"{""d"":7,""p"":0.002402044338373871,""rounds"":7}",
     28672,        30,         0,   0.359,pymatching,e51241f7bb3ce19696768c5ed1214f3fabb38849a60dc7288c5a2f8d55ceeea5,"{""d"":7,""p"":0.0028849085017569834,""rounds"":7}",
     61440,        22,         0,   0.474,pymatching,4958a47a9ff110201aa2cd7d445602881a5025115739a3c80385ed7a20530950,"{""d"":7,""p"":0.002,""rounds"":7}",
     19456,        39,         0,   0.281,pymatching,75b71ab9965381725568c2b94b2bc180588691a7de4ec1f981e238ae60a7625e,"{""d"":7,""p"":0.0034648390666860034,""rounds"":7}",
     58368,        30,         0,   0.518,pymatching,937120e2456f539b53eca43029705919e162767caa4e22fbf1305205be04ef93,"{""d"":7,""p"":0.002402044338373871,""rounds"":7}",
     24576,        42,         0,   0.373,pymatching,75b71ab9965381725568c2b94b2bc180588691a7de4ec1f981e238ae60a7625e,"{""d"":7,""p"":0.0034648390666860034,""rounds"":7}",
     47104,        56,         0,   0.529,pymatching,e51241f7bb3ce19696768c5ed1214f3fabb38849a60dc7288c5a2f8d55ceeea5,"{""d"":7,""p"":0.0028849085017569834,""rounds"":7}",
    239616,        65,         0,    1.88,pymatching,4958a47a9ff110201aa2cd7d445602881a5025115739a3c80385ed7a20530950,"{""d"":7,""p"":0.002,""rounds"":7}",
    112640,       308,         0,    1.75,pymatching,75b71ab9965381725568c2b94b2bc180588691a7de4ec1f981e238ae60a7625e,"{""d"":7,""p"":0.0034648390666860034,""rounds"":7}",
     19456,        49,         0,   0.317,pymatching,75b71ab9965381725568c2b94b2bc180588691a7de4ec1f981e238ae60a7625e,"{""d"":7,""p"":0.0034648390666860034,""rounds"":7}",
    197632,       126,         0,    1.91,pymatching,937120e2456f539b53eca43029705919e162767caa4e22fbf1305205be04ef93,"{""d"":7,""p"":0.002402044338373871,""rounds"":7}",
     76800,        27,         0,   0.707,pymatching,4958a47a9ff110201aa2cd7d445602881a5025115739a3c80385ed7a20530950,"{""d"":7,""p"":0.002,""rounds"":7}",
         1,         0,         0,   0.002,pymatching,937120e2456f539b53eca43029705919e162767caa4e22fbf1305205be04ef93,"{""d"":7,""p"":0.002402044338373871,""rounds"":7}",
      1297,         1,         0,   0.013,pymatching,4958a47a9ff110201aa2cd7d445602881a5025115739a3c80385ed7a20530950,"{""d"":7,""p"":0.002,""rounds"":7}",
      1296,         0,         0,   0.014,pymatching,937120e2456f539b53eca43029705919e162767caa4e22fbf1305205be04ef93,"{""d"":7,""p"":0.002402044338373871,""rounds"":7}",
      3072,         0,         0,   0.019,pymatching,4958a47a9ff110201aa2cd7d445602881a5025115739a3c80385ed7a20530950,"{""d"":7,""p"":0.002,""rounds"":7}",
      2048,         1,         0,   0.018,pymatching,937120e2456f539b53eca43029705919e162767caa4e22fbf1305205be04ef93,"{""d"":7,""p"":0.002402044338373871,""rounds"":7}",
      3072,         2,         0,   0.019,pymatching,4958a47a9ff110201aa2cd7d445602881a5025115739a3c80385ed7a20530950,"{""d"":7,""p"":0.002,""rounds"":7}",
    156672,       177,         0,    1.92,pymatching,e51241f7bb3ce19696768c5ed1214f3fabb38849a60dc7288c5a2f8d55ceeea5,"{""d"":7,""p"":0.0028849085017569834,""rounds"":7}",
      3072,         0,         0,   0.028,pymatching,937120e2456f539b53eca43029705919e162767caa4e22fbf1305205be04ef93,"{""d"":7,""p"":0.002402044338373871,""rounds"":7}",
      4096,         3,         0,   0.029,pymatching,4958a47a9ff110201aa2cd7d445602881a5025115739a3c80385ed7a20530950,"{""d"":7,""p"":0.002,""rounds"":7}",
      5120,         0,         0,   0.036,pymatching,4958a47a9ff110201aa2cd7d445602881a5025115739a3c80385ed7a20530950,"{""d"":7,""p"":0.002,""rounds"":7}",
      3072,         1,         0,   0.032,pymatching,937120e2456f539b53eca43029705919e162767caa4e22fbf1305205be04ef93,"{""d"":7,""p"":0.002402044338373871,""rounds"":7}",
      8192,         3,         0,   0.056,pymatching,4958a47a9ff110201aa2cd7d445602881a5025115739a3c80385ed7a20530950,"{""d"":7,""p"":0.002,""rounds"":7}",
      5120,         3,         0,   0.051,pymatching,937120e2456f539b53eca43029705919e162767caa4e22fbf1305205be04ef93,"{""d"":7,""p"":0.002402044338373871,""rounds"":7}",
      6144,         0,         0,   0.063,pymatching,4958a47a9ff110201aa2cd7d445602881a5025115739a3c80385ed7a20530950,"{""d"":7,""p"":0.002,""rounds"":7}",
      8192,         8,         0,   0.071,pymatching,937120e2456f539b53eca43029705919e162767caa4e22fbf1305205be04ef93,"{""d"":7,""p"":0.002402044338373871,""rounds"":7}",
     73728,        51,         0,   0.700,pymatching,937120e2456f539b53eca43029705919e162767caa4e22fbf1305205be04ef93,"{""d"":7,""p"":0.002402044338373871,""rounds"":7}",
      8192,         6,         0,   0.097,pymatching,4958a47a9ff110201aa2cd7d445602881a5025115739a3c80385ed7a20530950,"{""d"":7,""p"":0.002,""rounds"":7}",
     10240,         5,         0,   0.097,pymatching,937120e2456f539b53eca43029705919e162767caa4e22fbf1305205be04ef93,"{""d"":7,""p"":0.002402044338373871,""rounds"":7}",
     50176,        60,         0,   0.690,pymatching,e51241f7bb3ce19696768c5ed1214f3fabb38849a60dc7288c5a2f8d55ceeea5,"{""d"":7,""p"":0.0028849085017569834,""rounds"":7}",
     15360,         3,         0,   0.131,pymatching,4958a47a9ff110201aa2cd7d445602881a5025115739a3c80385ed7a20530950,"{""d"":7,""p"":0.002,""rounds"":7}",
     16384,         9,         0,   0.136,pymatching,937120e2456f539b53eca43029705919e162767caa4e22fbf1305205be04ef93,"{""d"":7,""p"":0.002402044338373871,""rounds"":7}",
     21504,         6,         0,   0.199,pymatching,4958a47a9ff110201aa2cd7d445602881a5025115739a3c80385ed7a20530950,"{""d"":7,""p"":0.002,""rounds"":7}",
     21504,        14,         0,   0.203,pymatching,937120e2456f539b53eca43029705919e162767caa4e22fbf1305205be04ef93,"{""d"":7,""p"":0.002402044338373871,""rounds"":7}",
     27648,         9,         0,   0.240,pymatching,4958a47a9ff110201aa2cd7d445602881a5025115739a3c80385ed7a20530950,"{""d"":7,""p"":0.002,""rounds"":7}",
     27648,        11,         0,   0.256,pymatching,937120e2456f539b53eca43029705919e162767caa4e22fbf1305205be04ef93,"{""d"":7,""p"":0.002402044338373871,""rounds"":7}",
    100352,        23,         0,   0.906,pymatching,4958a47a9ff110201aa2cd7d445602881a5025115739a3c80385ed7a20530950,"{""d"":7,""p"":0.002,""rounds"":7}",
     31744,        11,         0,   0.342,pymatching,4958a47a9ff110201aa2cd7d445602881a5025115739a3c80385ed7a20530950,"{""d"":7,""p"":0.002,""rounds"":7}",
     40960,        24,         0,   0.368,pymatching,937120e2456f539b53eca43029705919e162767caa4e22fbf1305205be04ef93,"{""d"":7,""p"":0.002402044338373871,""rounds"":7}",
    104448,        70,         0,   0.996,pymatching,937120e2456f539b53eca43029705919e162767caa4e22fbf1305205be04ef93,"{""d"":7,""p"":0.002402044338373871,""rounds"":7}",
     69632,        96,         0,   0.945,pymatching,e51241f7bb3ce19696768c5ed1214f3fabb38849a60dc7288c5a2f8d55ceeea5,"{""d"":7,""p"":0.0028849085017569834,""rounds"":7}",
     62464,        18,         0,   0.514,pymatching,4958a47a9ff110201aa2cd7d445602881a5025115739a3c80385ed7a20530950,"{""d"":7,""p"":0.002,""rounds"":7}",
     48128,        34,         0,   0.509,pymatching,937120e2456f539b53eca43029705919e162767caa4e22fbf1305205be04ef93,"{""d"":7,""p"":0.002402044338373871,""rounds"":7}",
    199680,        51,         0,    1.38,pymatching,4958a47a9ff110201aa2cd7d445602881a5025115739a3c80385ed7a20530950,"{""d"":7,""p"":0.002,""rounds"":7}",
     84992,        25,         0,   0.665,pymatching,4958a47a9ff110201aa2cd7d445602881a5025115739a3c80385ed7a20530950,"{""d"":7,""p"":0.002,""rounds"":7}",
     74752,        51,         0,   0.688,pymatching,937120e2456f539b53eca43029705919e162767caa4e22fbf1305205be04ef93,"{""d"":7,""p"":0.002402044338373871,""rounds"":7}",
    317440,        85,         0,    2.60,pymatching,4958a47a9ff110201aa2cd7d445602881a5025115739a3c80385ed7a20530950,"{""d"":7,""p"":0.002,""rounds"":7}",
    261120,       146,         0,    2.71,pymatching,937120e2456f539b53eca43029705919e162767caa4e22fbf1305205be04ef93,"{""d"":7,""p"":0.002402044338373871,""rounds"":7}",
    154624,        79,         0,    1.37,pymatching,937120e2456f539b53eca43029705919e162767caa4e22fbf1305205be04ef93,"{""d"":7,""p"":0.002402044338373871,""rounds"":7}",
      1024,         0,         0,   0.008,pymatching,937120e2456f539b53eca43029705919e162767caa4e22fbf1305205be04ef93,"{""d"":7,""p"":0.002402044338373871,""rounds"":7}",
     20480,         7,         0,   0.183,pymatching,937120e2456f539b53eca43029705919e162767caa4e22fbf1305205be04ef93,"{""d"":7,""p"":0.002402044338373871,""rounds"":7}",
      5120,         0,         0,   0.042,pymatching,937120e2456f539b53eca43029705919e162767caa4e22fbf1305205be04ef93,"{""d"":7,""p"":0.002402044338373871,""rounds"":7}",
       273,         0,         0,   0.005,pymatching,e51241f7bb3ce19696768c5ed1214f3fabb38849a60dc7288c5a2f8d55ceeea5,"{""d"":7,""p"":0.0028849085017569834,""rounds"":7}",
      1297,         0,         0,   0.009,pymatching,4958a47a9ff110201aa2cd7d445602881a5025115739a3c80385ed7a20530950,"{""d"":7,""p"":0.002,""rounds"":7}",
    222208,       267,         0,    2.66,pymatching,e51241f7bb3ce19696768c5ed1214f3fabb38849a60dc7288c5a2f8d55ceeea5,"{""d"":7,""p"":0.0028849085017569834,""rounds"":7}",
        17,         0,         0,   0.010,pymatching,e51241f7bb3ce19696768c5ed1214f3fabb38849a60dc7288c5a2f8d55ceeea5,"{""d"":7,""p"":0.0028849085017569834,""rounds"":7}",
    112640,       144,         0,    1.37,pymatching,e51241f7bb3ce19696768c5ed1214f3fabb38849a60dc7288c5a2f8d55ceeea5,"{""d"":7,""p"":0.0028849085017569834,""rounds"":7}",
      1280,         2,         0,   0.013,pymatching,e51241f7bb3ce19696768c5ed1214f3fabb38849a60dc7288c5a2f8d55ceeea5,"{""d"":7,""p"":0.0028849085017569834,""rounds"":7}",
      2048,         1,         0,   0.014,pymatching,4958a47a9ff110201aa2cd7d445602881a5025115739a3c80385ed7a20530950,"{""d"":7,""p"":0.002,""rounds"":7}",
      1024,         0,         0,   0.014,pymatching,e51241f7bb3ce19696768c5ed1214f3fabb38849a60dc7288c5a2f8d55ceeea5,"{""d"":7,""p"":0.0028849085017569834,""rounds"":7}",
      1024,         2,         0,   0.011,pymatching,e51241f7bb3ce19696768c5ed1214f3fabb38849a60dc7288c5a2f8d55ceeea5,"{""d"":7,""p"":0.0028849085017569834,""rounds"":7}",
      2048,         3,         0,   0.031,pymatching,e51241f7bb3ce19696768c5ed1214f3fabb38849a60dc7288c5a2f8d55ceeea5,"{""d"":7,""p"":0.0028849085017569834,""rounds"":7}",
      3072,         1,         0,   0.025,pymatching,4958a47a9ff110201aa2cd7d445602881a5025115739a3c80385ed7a20530950,"{""d"":7,""p"":0.002,""rounds"":7}",
      4096,         2,         0,   0.028,pymatching,4958a47a9ff110201aa2cd7d445602881a5025115739a3c80385ed7a20530950,"{""d"":7,""p"":0.002,""rounds"":7}",
       273,         0,         0,   0.008,pymatching,4958a47a9ff110201aa2cd7d445602881a5025115739a3c80385ed7a20530950,"{""d"":7,""p"":0.002,""rounds"":7}",
      1297,         0,         0,   0.012,pymatching,4958a47a9ff110201aa2cd7d445602881a5025115739a3c80385ed7a20530950,"{""d"":7,""p"":0.002,""rounds"":7}",
      1297,         0,         0,   0.012,pymatching,4958a47a9ff110201aa2cd7d445602881a5025115739a3c80385ed7a20530950,"{""d"":7,""p"":0.002,""rounds"":7}",
      1297,         0,         0,   0.013,pymatching,4958a47a9ff110201aa2cd7d445602881a5025115739a3c80385ed7a20530950,"{""d"":7,""p"":0.002,""rounds"":7}",
      1024,         1,         0,   0.007,pymatching,4958a47a9ff110201aa2cd7d445602881a5025115739a3c80385ed7a20530950,"{""d"":7,""p"":0.002,""rounds"":7}",
      2048,         0,         0,   0.016,pymatching,4958a47a9ff110201aa2cd7d445602881a5025115739a3c80385ed7a20530950,"{""d"":7,""p"":0.002,""rounds"":7}",
      5120,         0,         0,   0.036,pymatching,4958a47a9ff110201aa2cd7d445602881a5025115739a3c80385ed7a20530950,"{""d"":7,""p"":0.002,""rounds"":7}",
      2048,         0,         0,   0.016,pymatching,4958a47a9ff110201aa2cd7d445602881a5025115739a3c80385ed7a20530950,"{""d"":7,""p"":0.002,""rounds"":7}",
      2048,         0,         0,   0.015,pymatching,4958a47a9ff110201aa2cd7d445602881a5025115739a3c80385ed7a20530950,"{""d"":7,""p"":0.002,""rounds"":7}",
      3072,         0,         0,   0.022,pymatching,4958a47a9ff110201aa2cd7d445602881a5025115739a3c80385ed7a20530950,"{""d"":7,""p"":0.002,""rounds"":7}",
      2048,         1,         0,   0.018,pymatching,4958a47a9ff110201aa2cd7d445602881a5025115739a3c80385ed7a20530950,"{""d"":7,""p"":0.002,""rounds"":7}",
      3072,         2,         0,   0.019,pymatching,4958a47a9ff110201aa2cd7d445602881a5025115739a3c80385ed7a20530950,"{""d"":7,""p"":0.002,""rounds"":7}",
      4096,         3,         0,   0.026,pymatching,4958a47a9ff110201aa2cd7d445602881a5025115739a3c80385ed7a20530950,"{""d"":7,""p"":0.002,""rounds"":7}",
      5120,         2,         0,   0.031,pymatching,4958a47a9ff110201aa2cd7d445602881a5025115739a3c80385ed7a20530950,"{""d"":7,""p"":0.002,""rounds"":7}",
      4096,         1,         0,   0.030,pymatching,4958a47a9ff110201aa2cd7d445602881a5025115739a3c80385ed7a20530950,"{""d"":7,""p"":0.002,""rounds"":7}",
      3072,         0,         0,   0.026,pymatching,4958a47a9ff110201aa2cd7d445602881a5025115739a3c80385ed7a20530950,"{""d"":7,""p"":0.002,""rounds"":7}",
      5120,         0,         0,   0.032,pymatching,4958a47a9ff110201aa2cd7d445602881a5025115739a3c80385ed7a20530950,"{""d"":7,""p"":0.002,""rounds"":7}",
      5120,         2,         0,   0.043,pymatching,4958a47a9ff110201aa2cd7d445602881a5025115739a3c80385ed7a20530950,"{""d"":7,""p"":0.002,""rounds"":7}",
      7168,         1,         0,   0.044,pymatching,4958a47a9ff110201aa2cd7d445602881a5025115739a3c80385ed7a20530950,"{""d"":7,""p"":0.002,""rounds"":7}",
      5120,         0,         0,   0.040,pymatching,4958a47a9ff110201aa2cd7d445602881a5025115739a3c80385ed7a20530950,"{""d"":7,""p"":0.002,""rounds"":7}",
      6144,         2,         0,   0.039,pymatching,4958a47a9ff110201aa2cd7d445602881a5025115739a3c80385ed7a20530950,"{""d"":7,""p"":0.002,""rounds"":7}",
      3072,         0,         0,   0.023,pymatching,4958a47a9ff110201aa2cd7d445602881a5025115739a3c80385ed7a20530950,"{""d"":7,""p"":0.002,""rounds"":7}",
      9216,         4,         0,   0.066,pymatching,4958a47a9ff110201aa2cd7d445602881a5025115739a3c80385ed7a20530950,"{""d"":7,""p"":0.002,""rounds"":7}",
      9216,         4,         0,   0.058,pymatching,4958a47a9ff110201aa2cd7d445602881a5025115739a3c80385ed7a20530950,"{""d"":7,""p"":0.002,""rounds"":7}",
      7168,         1,         0,   0.056,pymatching,4958a47a9ff110201aa2cd7d445602881a5025115739a3c80385ed7a20530950,"{""d"":7,""p"":0.002,""rounds"":7}",
      7168,         1,         0,   0.051,pymatching,4958a47a9ff110201aa2cd7d445602881a5025115739a3c80385ed7a20530950,"{""d"":7,""p"":0.002,""rounds"":7}",
      2048,         1,         0,   0.081,pymatching,4958a47a9ff110201aa2cd7d445602881a5025115739a3c80385ed7a20530950,"{""d"":7,""p"":0.002,""rounds"":7}",
     10240,         3,         0,   0.073,pymatching,4958a47a9ff110201aa2cd7d445602881a5025115739a3c80385ed7a20530950,"{""d"":7,""p"":0.002,""rounds"":7}",
      9216,         4,         0,   0.070,pymatching,4958a47a9ff110201aa2cd7d445602881a5025115739a3c80385ed7a20530950,"{""d"":7,""p"":0.002,""rounds"":7}",
     10240,         1,         0,   0.077,pymatching,4958a47a9ff110201aa2cd7d445602881a5025115739a3c80385ed7a20530950,"{""d"":7,""p"":0.002,""rounds"":7}",
     12288,         7,         0,   0.099,pymatching,4958a47a9ff110201aa2cd7d445602881a5025115739a3c80385ed7a20530950,"{""d"":7,""p"":0.002,""rounds"":7}",
      5120,         1,         0,   0.064,pymatching,4958a47a9ff110201aa2cd7d445602881a5025115739a3c80385ed7a20530950,"{""d"":7,""p"":0.002,""rounds"":7}",
      8192,         2,         0,   0.067,pymatching,4958a47a9ff110201aa2cd7d445602881a5025115739a3c80385ed7a20530950,"{""d"":7,""p"":0.002,""rounds"":7}",
      8192,         1,         0,   0.081,pymatching,4958a47a9ff110201aa2cd7d445602881a5025115739a3c80385ed7a20530950,"{""d"":7,""p"":0.002,""rounds"":7}",
      8192,         2,         0,   0.077,pymatching,4958a47a9ff110201aa2cd7d445602881a5025115739a3c80385ed7a20530950,"{""d"":7,""p"":0.002,""rounds"":7}",
      8192,         2,         0,   0.069,pymatching,4958a47a9ff110201aa2cd7d445602881a5025115739a3c80385ed7a20530950,"{""d"":7,""p"":0.002,""rounds"":7}",
     12288,         5,         0,   0.102,pymatching,4958a47a9ff110201aa2cd7d445602881a5025115739a3c80385ed7a20530950,"{""d"":7,""p"":0.002,""rounds"":7}",
     18432,         2,         0,   0.123,pymatching,4958a47a9ff110201aa2cd7d445602881a5025115739a3c80385ed7a20530950,"{""d"":7,""p"":0.002,""rounds"":7}",
     17408,         8,         0,   0.131,pymatching,4958a47a9ff110201aa2cd7d445602881a5025115739a3c80385ed7a20530950,"{""d"":7,""p"":0.002,""rounds"":7}",
     20480,         5,         0,   0.138,pymatching,4958a47a9ff110201aa2cd7d445602881a5025115739a3c80385ed7a20530950,"{""d"":7,""p"":0.002,""rounds"":7}",
     18432,         5,         0,   0.136,pymatching,4958a47a9ff110201aa2cd7d445602881a5025115739a3c80385ed7a20530950,"{""d"":7,""p"":0.002,""rounds"":7}",
     25600,         6,         0,   0.184,pymatching,4958a47a9ff110201aa2cd7d445602881a5025115739a3c80385ed7a20530950,"{""d"":7,""p"":0.002,""rounds"":7}",
    116736,        37,         0,   0.943,pymatching,4958a47a9ff110201aa2cd7d445602881a5025115739a3c80385ed7a20530950,"{""d"":7,""p"":0.002,""rounds"":7}",
     26624,         8,         0,   0.184,pymatching,4958a47a9ff110201aa2cd7d445602881a5025115739a3c80385ed7a20530950,"{""d"":7,""p"":0.002,""rounds"":7}",
     19456,         3,         0,   0.168,pymatching,4958a47a9ff110201aa2cd7d445602881a5025115739a3c80385ed7a20530950,"{""d"":7,""p"":0.002,""rounds"":7}",
     17408,         2,         0,   0.188,pymatching,4958a47a9ff110201aa2cd7d445602881a5025115739a3c80385ed7a20530950,"{""d"":7,""p"":0.002,""rounds"":7}",
     28672,        11,         0,   0.189,pymatching,4958a47a9ff110201aa2cd7d445602881a5025115739a3c80385ed7a20530950,"{""d"":7,""p"":0.002,""rounds"":7}",
     24576,        15,         0,   0.218,pymatching,4958a47a9ff110201aa2cd7d445602881a5025115739a3c80385ed7a20530950,"{""d"":7,""p"":0.002,""rounds"":7}",
     37888,         7,         0,   0.258,pymatching,4958a47a9ff110201aa2cd7d445602881a5025115739a3c80385ed7a20530950,"{""d"":7,""p"":0.002,""rounds"":7}",
     28672,         9,         0,   0.235,pymatching,4958a47a9ff110201aa2cd7d445602881a5025115739a3c80385ed7a20530950,"{""d"":7,""p"":0.002,""rounds"":7}",
     34816,         9,         0,   0.244,pymatching,4958a47a9ff110201aa2cd7d445602881a5025115739a3c80385ed7a20530950,"{""d"":7,""p"":0.002,""rounds"":7}",
     35840,         9,         0,   0.259,pymatching,4958a47a9ff110201aa2cd7d445602881a5025115739a3c80385ed7a20530950,"{""d"":7,""p"":0.002,""rounds"":7}",
     48128,        13,         0,   0.352,pymatching,4958a47a9ff110201aa2cd7d445602881a5025115739a3c80385ed7a20530950,"{""d"":7,""p"":0.002,""rounds"":7}",
     40960,         9,         0,   0.334,pymatching,4958a47a9ff110201aa2cd7d445602881a5025115739a3c80385ed7a20530950,"{""d"":7,""p"":0.002,""rounds"":7}",
     43008,        12,         0,   0.355,pymatching,4958a47a9ff110201aa2cd7d445602881a5025115739a3c80385ed7a20530950,"{""d"":7,""p"":0.002,""rounds"":7}",
     49152,        13,         0,   0.356,pymatching,4958a47a9ff110201aa2cd7d445602881a5025115739a3c80385ed7a20530950,"{""d"":7,""p"":0.002,""rounds"":7}",
     44032,        14,         0,   0.333,pymatching,4958a47a9ff110201aa2cd7d445602881a5025115739a3c80385ed7a20530950,"{""d"":7,""p"":0.002,""rounds"":7}",
    234496,        54,         0,    1.78,pymatching,4958a47a9ff110201aa2cd7d445602881a5025115739a3c80385ed7a20530950,"{""d"":7,""p"":0.002,""rounds"":7}",
     61440,        13,         0,   0.472,pymatching,4958a47a9ff110201aa2cd7d445602881a5025115739a3c80385ed7a20530950,"{""d"":7,""p"":0.002,""rounds"":7}",
     58368,        17,         0,   0.495,pymatching,4958a47a9ff110201aa2cd7d445602881a5025115739a3c80385ed7a20530950,"{""d"":7,""p"":0.002,""rounds"":7}",
     61440,        14,         0,   0.472,pymatching,4958a47a9ff110201aa2cd7d445602881a5025115739a3c80385ed7a20530950,"{""d"":7,""p"":0.002,""rounds"":7}",
     53248,        12,         0,   0.524,pymatching,4958a47a9ff110201aa2cd7d445602881a5025115739a3c80385ed7a20530950,"{""d"":7,""p"":0.002,""rounds"":7}",
     63488,        22,         0,   0.462,pymatching,4958a47a9ff110201aa2cd7d445602881a5025115739a3c80385ed7a20530950,"{""d"":7,""p"":0.002,""rounds"":7}",
    152576,        49,         0,    1.25,pymatching,4958a47a9ff110201aa2cd7d445602881a5025115739a3c80385ed7a20530950,"{""d"":7,""p"":0.002,""rounds"":7}",
    113664,        24,         0,   0.760,pymatching,4958a47a9ff110201aa2cd7d445602881a5025115739a3c80385ed7a20530950,"{""d"":7,""p"":0.002,""rounds"":7}",
     87040,        26,         0,   0.695,pymatching,4958a47a9ff110201aa2cd7d445602881a5025115739a3c80385ed7a20530950,"{""d"":7,""p"":0.002,""rounds"":7}",
      1024,         0,         0,   0.006,pymatching,4958a47a9ff110201aa2cd7d445602881a5025115739a3c80385ed7a20530950,"{""d"":7,""p"":0.002,""rounds"":7}",
     64512,        16,         0,   0.644,pymatching,4958a47a9ff110201aa2cd7d445602881a5025115739a3c80385ed7a20530950,"{""d"":7,""p"":0.002,""rounds"":7}",
    154624,        39,         0,    1.13,pymatching,4958a47a9ff110201aa2cd7d445602881a5025115739a3c80385ed7a20530950,"{""d"":7,""p"":0.002,""rounds"":7}",
     64512,        20,         0,   0.486,pymatching,4958a47a9ff110201aa2cd7d445602881a5025115739a3c80385ed7a20530950,"{""d"":7,""p"":0.002,""rounds"":7}",
     81920,        29,         0,   0.628,pymatching,4958a47a9ff110201aa2cd7d445602881a5025115739a3c80385ed7a20530950,"{""d"":7,""p"":0.002,""rounds"":7}",
     82944,        35,         0,   0.652,pymatching,4958a47a9ff110201aa2cd7d445602881a5025115739a3c80385ed7a20530950,"{""d"":7,""p"":0.002,""rounds"":7}",
     14336,         7,         0,   0.105,pymatching,4958a47a9ff110201aa2cd7d445602881a5025115739a3c80385ed7a20530950,"{""d"":7,""p"":0.002,""rounds"":7}",
    324608,        81,         0,    2.57,pymatching,4958a47a9ff110201aa2cd7d445602881a5025115739a3c80385ed7a20530950,"{""d"":7,""p"":0.002,""rounds"":7}",
